TimeQuest Timing Analyzer report for task1
Fri Feb 28 18:34:32 2025
Quartus II 32-bit Version 13.1.0 Build 162 10/23/2013 SJ Web Edition


---------------------
; Table of Contents ;
---------------------
  1. Legal Notice
  2. TimeQuest Timing Analyzer Summary
  3. Parallel Compilation
  4. Clocks
  5. Slow 1200mV 85C Model Fmax Summary
  6. Timing Closure Recommendations
  7. Slow 1200mV 85C Model Setup Summary
  8. Slow 1200mV 85C Model Hold Summary
  9. Slow 1200mV 85C Model Recovery Summary
 10. Slow 1200mV 85C Model Removal Summary
 11. Slow 1200mV 85C Model Minimum Pulse Width Summary
 12. Slow 1200mV 85C Model Setup: 'clk'
 13. Slow 1200mV 85C Model Hold: 'clk'
 14. Slow 1200mV 85C Model Minimum Pulse Width: 'clk'
 15. Clock to Output Times
 16. Minimum Clock to Output Times
 17. Slow 1200mV 85C Model Metastability Report
 18. Slow 1200mV 0C Model Fmax Summary
 19. Slow 1200mV 0C Model Setup Summary
 20. Slow 1200mV 0C Model Hold Summary
 21. Slow 1200mV 0C Model Recovery Summary
 22. Slow 1200mV 0C Model Removal Summary
 23. Slow 1200mV 0C Model Minimum Pulse Width Summary
 24. Slow 1200mV 0C Model Setup: 'clk'
 25. Slow 1200mV 0C Model Hold: 'clk'
 26. Slow 1200mV 0C Model Minimum Pulse Width: 'clk'
 27. Clock to Output Times
 28. Minimum Clock to Output Times
 29. Slow 1200mV 0C Model Metastability Report
 30. Fast 1200mV 0C Model Setup Summary
 31. Fast 1200mV 0C Model Hold Summary
 32. Fast 1200mV 0C Model Recovery Summary
 33. Fast 1200mV 0C Model Removal Summary
 34. Fast 1200mV 0C Model Minimum Pulse Width Summary
 35. Fast 1200mV 0C Model Setup: 'clk'
 36. Fast 1200mV 0C Model Hold: 'clk'
 37. Fast 1200mV 0C Model Minimum Pulse Width: 'clk'
 38. Clock to Output Times
 39. Minimum Clock to Output Times
 40. Fast 1200mV 0C Model Metastability Report
 41. Multicorner Timing Analysis Summary
 42. Clock to Output Times
 43. Minimum Clock to Output Times
 44. Board Trace Model Assignments
 45. Input Transition Times
 46. Slow Corner Signal Integrity Metrics
 47. Fast Corner Signal Integrity Metrics
 48. Setup Transfers
 49. Hold Transfers
 50. Report TCCS
 51. Report RSKM
 52. Unconstrained Paths
 53. TimeQuest Timing Analyzer Messages



----------------
; Legal Notice ;
----------------
Copyright (C) 1991-2013 Altera Corporation
Your use of Altera Corporation's design tools, logic functions 
and other software and tools, and its AMPP partner logic 
functions, and any output files from any of the foregoing 
(including device programming or simulation files), and any 
associated documentation or information are expressly subject 
to the terms and conditions of the Altera Program License 
Subscription Agreement, Altera MegaCore Function License 
Agreement, or other applicable license agreement, including, 
without limitation, that your use is for the sole purpose of 
programming logic devices manufactured by Altera and sold by 
Altera or its authorized distributors.  Please refer to the 
applicable agreement for further details.



+-------------------------------------------------------------------------+
; TimeQuest Timing Analyzer Summary                                       ;
+--------------------+----------------------------------------------------+
; Quartus II Version ; Version 13.1.0 Build 162 10/23/2013 SJ Web Edition ;
; Revision Name      ; task1                                              ;
; Device Family      ; Cyclone III                                        ;
; Device Name        ; EP3C16F484C6                                       ;
; Timing Models      ; Final                                              ;
; Delay Model        ; Combined                                           ;
; Rise/Fall Delays   ; Enabled                                            ;
+--------------------+----------------------------------------------------+


Parallel compilation was disabled, but you have multiple processors available. Enable parallel compilation to reduce compilation time.
+-------------------------------------+
; Parallel Compilation                ;
+----------------------------+--------+
; Processors                 ; Number ;
+----------------------------+--------+
; Number detected on machine ; 8      ;
; Maximum allowed            ; 1      ;
+----------------------------+--------+


+---------------------------------------------------------------------------------------------------------------------------------------------------------------------------------+
; Clocks                                                                                                                                                                          ;
+------------+------+--------+------------+-------+-------+------------+-----------+-------------+-------+--------+-----------+------------+----------+--------+--------+---------+
; Clock Name ; Type ; Period ; Frequency  ; Rise  ; Fall  ; Duty Cycle ; Divide by ; Multiply by ; Phase ; Offset ; Edge List ; Edge Shift ; Inverted ; Master ; Source ; Targets ;
+------------+------+--------+------------+-------+-------+------------+-----------+-------------+-------+--------+-----------+------------+----------+--------+--------+---------+
; clk        ; Base ; 1.000  ; 1000.0 MHz ; 0.000 ; 0.500 ;            ;           ;             ;       ;        ;           ;            ;          ;        ;        ; { clk } ;
+------------+------+--------+------------+-------+-------+------------+-----------+-------------+-------+--------+-----------+------------+----------+--------+--------+---------+


+-----------------------------------------------------------------------------------------------------------+
; Slow 1200mV 85C Model Fmax Summary                                                                        ;
+------------+-----------------+------------+---------------------------------------------------------------+
; Fmax       ; Restricted Fmax ; Clock Name ; Note                                                          ;
+------------+-----------------+------------+---------------------------------------------------------------+
; 562.43 MHz ; 250.0 MHz       ; clk        ; limit due to minimum period restriction (max I/O toggle rate) ;
+------------+-----------------+------------+---------------------------------------------------------------+
This panel reports FMAX for every clock in the design, regardless of the user-specified clock periods.  FMAX is only computed for paths where the source and destination registers or ports are driven by the same clock.  Paths of different clocks, including generated clocks, are ignored.  For paths between a clock and its inversion, FMAX is computed as if the rising and falling edges are scaled along with FMAX, such that the duty cycle (in terms of a percentage) is maintained. Altera recommends that you always use clock constraints and other slack reports for sign-off analysis.


----------------------------------
; Timing Closure Recommendations ;
----------------------------------
HTML report is unavailable in plain text report export.


+-------------------------------------+
; Slow 1200mV 85C Model Setup Summary ;
+-------+--------+--------------------+
; Clock ; Slack  ; End Point TNS      ;
+-------+--------+--------------------+
; clk   ; -0.778 ; -4.415             ;
+-------+--------+--------------------+


+------------------------------------+
; Slow 1200mV 85C Model Hold Summary ;
+-------+-------+--------------------+
; Clock ; Slack ; End Point TNS      ;
+-------+-------+--------------------+
; clk   ; 0.593 ; 0.000              ;
+-------+-------+--------------------+


------------------------------------------
; Slow 1200mV 85C Model Recovery Summary ;
------------------------------------------
No paths to report.


-----------------------------------------
; Slow 1200mV 85C Model Removal Summary ;
-----------------------------------------
No paths to report.


+---------------------------------------------------+
; Slow 1200mV 85C Model Minimum Pulse Width Summary ;
+-------+--------+----------------------------------+
; Clock ; Slack  ; End Point TNS                    ;
+-------+--------+----------------------------------+
; clk   ; -3.000 ; -11.000                          ;
+-------+--------+----------------------------------+


+--------------------------------------------------------------------------------------------------------------------------------------------------------------------------------------------------------------------------------------------------------------------------------+
; Slow 1200mV 85C Model Setup: 'clk'                                                                                                                                                                                                                                             ;
+--------+------------------------------------------------------------------------------------------------+------------------------------------------------------------------------------------------------+--------------+-------------+--------------+------------+------------+
; Slack  ; From Node                                                                                      ; To Node                                                                                        ; Launch Clock ; Latch Clock ; Relationship ; Clock Skew ; Data Delay ;
+--------+------------------------------------------------------------------------------------------------+------------------------------------------------------------------------------------------------+--------------+-------------+--------------+------------+------------+
; -0.778 ; lpm_counter0:inst|lpm_counter:LPM_COUNTER_component|cntr_76i:auto_generated|counter_reg_bit[1] ; lpm_counter0:inst|lpm_counter:LPM_COUNTER_component|cntr_76i:auto_generated|counter_reg_bit[6] ; clk          ; clk         ; 1.000        ; -0.043     ; 1.750      ;
; -0.775 ; lpm_counter0:inst|lpm_counter:LPM_COUNTER_component|cntr_76i:auto_generated|counter_reg_bit[0] ; lpm_counter0:inst|lpm_counter:LPM_COUNTER_component|cntr_76i:auto_generated|counter_reg_bit[7] ; clk          ; clk         ; 1.000        ; -0.043     ; 1.747      ;
; -0.772 ; lpm_counter0:inst|lpm_counter:LPM_COUNTER_component|cntr_76i:auto_generated|counter_reg_bit[1] ; lpm_counter0:inst|lpm_counter:LPM_COUNTER_component|cntr_76i:auto_generated|counter_reg_bit[7] ; clk          ; clk         ; 1.000        ; -0.043     ; 1.744      ;
; -0.694 ; lpm_counter0:inst|lpm_counter:LPM_COUNTER_component|cntr_76i:auto_generated|counter_reg_bit[0] ; lpm_counter0:inst|lpm_counter:LPM_COUNTER_component|cntr_76i:auto_generated|counter_reg_bit[6] ; clk          ; clk         ; 1.000        ; -0.043     ; 1.666      ;
; -0.662 ; lpm_counter0:inst|lpm_counter:LPM_COUNTER_component|cntr_76i:auto_generated|counter_reg_bit[1] ; lpm_counter0:inst|lpm_counter:LPM_COUNTER_component|cntr_76i:auto_generated|counter_reg_bit[4] ; clk          ; clk         ; 1.000        ; -0.043     ; 1.634      ;
; -0.660 ; lpm_counter0:inst|lpm_counter:LPM_COUNTER_component|cntr_76i:auto_generated|counter_reg_bit[2] ; lpm_counter0:inst|lpm_counter:LPM_COUNTER_component|cntr_76i:auto_generated|counter_reg_bit[7] ; clk          ; clk         ; 1.000        ; -0.043     ; 1.632      ;
; -0.659 ; lpm_counter0:inst|lpm_counter:LPM_COUNTER_component|cntr_76i:auto_generated|counter_reg_bit[0] ; lpm_counter0:inst|lpm_counter:LPM_COUNTER_component|cntr_76i:auto_generated|counter_reg_bit[5] ; clk          ; clk         ; 1.000        ; -0.043     ; 1.631      ;
; -0.659 ; lpm_counter0:inst|lpm_counter:LPM_COUNTER_component|cntr_76i:auto_generated|counter_reg_bit[3] ; lpm_counter0:inst|lpm_counter:LPM_COUNTER_component|cntr_76i:auto_generated|counter_reg_bit[6] ; clk          ; clk         ; 1.000        ; -0.043     ; 1.631      ;
; -0.656 ; lpm_counter0:inst|lpm_counter:LPM_COUNTER_component|cntr_76i:auto_generated|counter_reg_bit[1] ; lpm_counter0:inst|lpm_counter:LPM_COUNTER_component|cntr_76i:auto_generated|counter_reg_bit[5] ; clk          ; clk         ; 1.000        ; -0.043     ; 1.628      ;
; -0.653 ; lpm_counter0:inst|lpm_counter:LPM_COUNTER_component|cntr_76i:auto_generated|counter_reg_bit[3] ; lpm_counter0:inst|lpm_counter:LPM_COUNTER_component|cntr_76i:auto_generated|counter_reg_bit[7] ; clk          ; clk         ; 1.000        ; -0.043     ; 1.625      ;
; -0.579 ; lpm_counter0:inst|lpm_counter:LPM_COUNTER_component|cntr_76i:auto_generated|counter_reg_bit[2] ; lpm_counter0:inst|lpm_counter:LPM_COUNTER_component|cntr_76i:auto_generated|counter_reg_bit[6] ; clk          ; clk         ; 1.000        ; -0.043     ; 1.551      ;
; -0.578 ; lpm_counter0:inst|lpm_counter:LPM_COUNTER_component|cntr_76i:auto_generated|counter_reg_bit[0] ; lpm_counter0:inst|lpm_counter:LPM_COUNTER_component|cntr_76i:auto_generated|counter_reg_bit[4] ; clk          ; clk         ; 1.000        ; -0.043     ; 1.550      ;
; -0.546 ; lpm_counter0:inst|lpm_counter:LPM_COUNTER_component|cntr_76i:auto_generated|counter_reg_bit[1] ; lpm_counter0:inst|lpm_counter:LPM_COUNTER_component|cntr_76i:auto_generated|counter_reg_bit[2] ; clk          ; clk         ; 1.000        ; -0.043     ; 1.518      ;
; -0.546 ; lpm_counter0:inst|lpm_counter:LPM_COUNTER_component|cntr_76i:auto_generated|counter_reg_bit[4] ; lpm_counter0:inst|lpm_counter:LPM_COUNTER_component|cntr_76i:auto_generated|counter_reg_bit[7] ; clk          ; clk         ; 1.000        ; -0.043     ; 1.518      ;
; -0.546 ; lpm_counter0:inst|lpm_counter:LPM_COUNTER_component|cntr_76i:auto_generated|counter_reg_bit[5] ; lpm_counter0:inst|lpm_counter:LPM_COUNTER_component|cntr_76i:auto_generated|counter_reg_bit[6] ; clk          ; clk         ; 1.000        ; -0.043     ; 1.518      ;
; -0.544 ; lpm_counter0:inst|lpm_counter:LPM_COUNTER_component|cntr_76i:auto_generated|counter_reg_bit[2] ; lpm_counter0:inst|lpm_counter:LPM_COUNTER_component|cntr_76i:auto_generated|counter_reg_bit[5] ; clk          ; clk         ; 1.000        ; -0.043     ; 1.516      ;
; -0.543 ; lpm_counter0:inst|lpm_counter:LPM_COUNTER_component|cntr_76i:auto_generated|counter_reg_bit[0] ; lpm_counter0:inst|lpm_counter:LPM_COUNTER_component|cntr_76i:auto_generated|counter_reg_bit[3] ; clk          ; clk         ; 1.000        ; -0.043     ; 1.515      ;
; -0.543 ; lpm_counter0:inst|lpm_counter:LPM_COUNTER_component|cntr_76i:auto_generated|counter_reg_bit[3] ; lpm_counter0:inst|lpm_counter:LPM_COUNTER_component|cntr_76i:auto_generated|counter_reg_bit[4] ; clk          ; clk         ; 1.000        ; -0.043     ; 1.515      ;
; -0.540 ; lpm_counter0:inst|lpm_counter:LPM_COUNTER_component|cntr_76i:auto_generated|counter_reg_bit[1] ; lpm_counter0:inst|lpm_counter:LPM_COUNTER_component|cntr_76i:auto_generated|counter_reg_bit[3] ; clk          ; clk         ; 1.000        ; -0.043     ; 1.512      ;
; -0.540 ; lpm_counter0:inst|lpm_counter:LPM_COUNTER_component|cntr_76i:auto_generated|counter_reg_bit[5] ; lpm_counter0:inst|lpm_counter:LPM_COUNTER_component|cntr_76i:auto_generated|counter_reg_bit[7] ; clk          ; clk         ; 1.000        ; -0.043     ; 1.512      ;
; -0.537 ; lpm_counter0:inst|lpm_counter:LPM_COUNTER_component|cntr_76i:auto_generated|counter_reg_bit[3] ; lpm_counter0:inst|lpm_counter:LPM_COUNTER_component|cntr_76i:auto_generated|counter_reg_bit[5] ; clk          ; clk         ; 1.000        ; -0.043     ; 1.509      ;
; -0.465 ; lpm_counter0:inst|lpm_counter:LPM_COUNTER_component|cntr_76i:auto_generated|counter_reg_bit[4] ; lpm_counter0:inst|lpm_counter:LPM_COUNTER_component|cntr_76i:auto_generated|counter_reg_bit[6] ; clk          ; clk         ; 1.000        ; -0.043     ; 1.437      ;
; -0.463 ; lpm_counter0:inst|lpm_counter:LPM_COUNTER_component|cntr_76i:auto_generated|counter_reg_bit[2] ; lpm_counter0:inst|lpm_counter:LPM_COUNTER_component|cntr_76i:auto_generated|counter_reg_bit[4] ; clk          ; clk         ; 1.000        ; -0.043     ; 1.435      ;
; -0.462 ; lpm_counter0:inst|lpm_counter:LPM_COUNTER_component|cntr_76i:auto_generated|counter_reg_bit[0] ; lpm_counter0:inst|lpm_counter:LPM_COUNTER_component|cntr_76i:auto_generated|counter_reg_bit[2] ; clk          ; clk         ; 1.000        ; -0.043     ; 1.434      ;
; -0.430 ; lpm_counter0:inst|lpm_counter:LPM_COUNTER_component|cntr_76i:auto_generated|counter_reg_bit[4] ; lpm_counter0:inst|lpm_counter:LPM_COUNTER_component|cntr_76i:auto_generated|counter_reg_bit[5] ; clk          ; clk         ; 1.000        ; -0.043     ; 1.402      ;
; -0.428 ; lpm_counter0:inst|lpm_counter:LPM_COUNTER_component|cntr_76i:auto_generated|counter_reg_bit[2] ; lpm_counter0:inst|lpm_counter:LPM_COUNTER_component|cntr_76i:auto_generated|counter_reg_bit[3] ; clk          ; clk         ; 1.000        ; -0.043     ; 1.400      ;
; -0.427 ; lpm_counter0:inst|lpm_counter:LPM_COUNTER_component|cntr_76i:auto_generated|counter_reg_bit[0] ; lpm_counter0:inst|lpm_counter:LPM_COUNTER_component|cntr_76i:auto_generated|counter_reg_bit[1] ; clk          ; clk         ; 1.000        ; -0.043     ; 1.399      ;
; -0.427 ; lpm_counter0:inst|lpm_counter:LPM_COUNTER_component|cntr_76i:auto_generated|counter_reg_bit[6] ; lpm_counter0:inst|lpm_counter:LPM_COUNTER_component|cntr_76i:auto_generated|counter_reg_bit[7] ; clk          ; clk         ; 1.000        ; -0.043     ; 1.399      ;
; -0.034 ; lpm_counter0:inst|lpm_counter:LPM_COUNTER_component|cntr_76i:auto_generated|counter_reg_bit[6] ; lpm_counter0:inst|lpm_counter:LPM_COUNTER_component|cntr_76i:auto_generated|counter_reg_bit[6] ; clk          ; clk         ; 1.000        ; -0.038     ; 1.011      ;
; -0.031 ; lpm_counter0:inst|lpm_counter:LPM_COUNTER_component|cntr_76i:auto_generated|counter_reg_bit[7] ; lpm_counter0:inst|lpm_counter:LPM_COUNTER_component|cntr_76i:auto_generated|counter_reg_bit[7] ; clk          ; clk         ; 1.000        ; -0.038     ; 1.008      ;
; -0.028 ; lpm_counter0:inst|lpm_counter:LPM_COUNTER_component|cntr_76i:auto_generated|counter_reg_bit[4] ; lpm_counter0:inst|lpm_counter:LPM_COUNTER_component|cntr_76i:auto_generated|counter_reg_bit[4] ; clk          ; clk         ; 1.000        ; -0.038     ; 1.005      ;
; -0.026 ; lpm_counter0:inst|lpm_counter:LPM_COUNTER_component|cntr_76i:auto_generated|counter_reg_bit[2] ; lpm_counter0:inst|lpm_counter:LPM_COUNTER_component|cntr_76i:auto_generated|counter_reg_bit[2] ; clk          ; clk         ; 1.000        ; -0.038     ; 1.003      ;
; -0.025 ; lpm_counter0:inst|lpm_counter:LPM_COUNTER_component|cntr_76i:auto_generated|counter_reg_bit[0] ; lpm_counter0:inst|lpm_counter:LPM_COUNTER_component|cntr_76i:auto_generated|counter_reg_bit[0] ; clk          ; clk         ; 1.000        ; -0.038     ; 1.002      ;
; -0.006 ; lpm_counter0:inst|lpm_counter:LPM_COUNTER_component|cntr_76i:auto_generated|counter_reg_bit[5] ; lpm_counter0:inst|lpm_counter:LPM_COUNTER_component|cntr_76i:auto_generated|counter_reg_bit[5] ; clk          ; clk         ; 1.000        ; -0.038     ; 0.983      ;
; -0.005 ; lpm_counter0:inst|lpm_counter:LPM_COUNTER_component|cntr_76i:auto_generated|counter_reg_bit[1] ; lpm_counter0:inst|lpm_counter:LPM_COUNTER_component|cntr_76i:auto_generated|counter_reg_bit[1] ; clk          ; clk         ; 1.000        ; -0.038     ; 0.982      ;
; -0.003 ; lpm_counter0:inst|lpm_counter:LPM_COUNTER_component|cntr_76i:auto_generated|counter_reg_bit[3] ; lpm_counter0:inst|lpm_counter:LPM_COUNTER_component|cntr_76i:auto_generated|counter_reg_bit[3] ; clk          ; clk         ; 1.000        ; -0.038     ; 0.980      ;
+--------+------------------------------------------------------------------------------------------------+------------------------------------------------------------------------------------------------+--------------+-------------+--------------+------------+------------+


+-------------------------------------------------------------------------------------------------------------------------------------------------------------------------------------------------------------------------------------------------------------------------------+
; Slow 1200mV 85C Model Hold: 'clk'                                                                                                                                                                                                                                             ;
+-------+------------------------------------------------------------------------------------------------+------------------------------------------------------------------------------------------------+--------------+-------------+--------------+------------+------------+
; Slack ; From Node                                                                                      ; To Node                                                                                        ; Launch Clock ; Latch Clock ; Relationship ; Clock Skew ; Data Delay ;
+-------+------------------------------------------------------------------------------------------------+------------------------------------------------------------------------------------------------+--------------+-------------+--------------+------------+------------+
; 0.593 ; lpm_counter0:inst|lpm_counter:LPM_COUNTER_component|cntr_76i:auto_generated|counter_reg_bit[3] ; lpm_counter0:inst|lpm_counter:LPM_COUNTER_component|cntr_76i:auto_generated|counter_reg_bit[3] ; clk          ; clk         ; 0.000        ; 0.038      ; 0.788      ;
; 0.594 ; lpm_counter0:inst|lpm_counter:LPM_COUNTER_component|cntr_76i:auto_generated|counter_reg_bit[1] ; lpm_counter0:inst|lpm_counter:LPM_COUNTER_component|cntr_76i:auto_generated|counter_reg_bit[1] ; clk          ; clk         ; 0.000        ; 0.038      ; 0.789      ;
; 0.594 ; lpm_counter0:inst|lpm_counter:LPM_COUNTER_component|cntr_76i:auto_generated|counter_reg_bit[5] ; lpm_counter0:inst|lpm_counter:LPM_COUNTER_component|cntr_76i:auto_generated|counter_reg_bit[5] ; clk          ; clk         ; 0.000        ; 0.038      ; 0.789      ;
; 0.595 ; lpm_counter0:inst|lpm_counter:LPM_COUNTER_component|cntr_76i:auto_generated|counter_reg_bit[6] ; lpm_counter0:inst|lpm_counter:LPM_COUNTER_component|cntr_76i:auto_generated|counter_reg_bit[6] ; clk          ; clk         ; 0.000        ; 0.038      ; 0.790      ;
; 0.597 ; lpm_counter0:inst|lpm_counter:LPM_COUNTER_component|cntr_76i:auto_generated|counter_reg_bit[2] ; lpm_counter0:inst|lpm_counter:LPM_COUNTER_component|cntr_76i:auto_generated|counter_reg_bit[2] ; clk          ; clk         ; 0.000        ; 0.038      ; 0.792      ;
; 0.598 ; lpm_counter0:inst|lpm_counter:LPM_COUNTER_component|cntr_76i:auto_generated|counter_reg_bit[4] ; lpm_counter0:inst|lpm_counter:LPM_COUNTER_component|cntr_76i:auto_generated|counter_reg_bit[4] ; clk          ; clk         ; 0.000        ; 0.038      ; 0.793      ;
; 0.598 ; lpm_counter0:inst|lpm_counter:LPM_COUNTER_component|cntr_76i:auto_generated|counter_reg_bit[7] ; lpm_counter0:inst|lpm_counter:LPM_COUNTER_component|cntr_76i:auto_generated|counter_reg_bit[7] ; clk          ; clk         ; 0.000        ; 0.038      ; 0.793      ;
; 0.616 ; lpm_counter0:inst|lpm_counter:LPM_COUNTER_component|cntr_76i:auto_generated|counter_reg_bit[0] ; lpm_counter0:inst|lpm_counter:LPM_COUNTER_component|cntr_76i:auto_generated|counter_reg_bit[0] ; clk          ; clk         ; 0.000        ; 0.038      ; 0.811      ;
; 0.863 ; lpm_counter0:inst|lpm_counter:LPM_COUNTER_component|cntr_76i:auto_generated|counter_reg_bit[1] ; lpm_counter0:inst|lpm_counter:LPM_COUNTER_component|cntr_76i:auto_generated|counter_reg_bit[2] ; clk          ; clk         ; 0.000        ; 0.043      ; 1.063      ;
; 0.863 ; lpm_counter0:inst|lpm_counter:LPM_COUNTER_component|cntr_76i:auto_generated|counter_reg_bit[3] ; lpm_counter0:inst|lpm_counter:LPM_COUNTER_component|cntr_76i:auto_generated|counter_reg_bit[4] ; clk          ; clk         ; 0.000        ; 0.043      ; 1.063      ;
; 0.864 ; lpm_counter0:inst|lpm_counter:LPM_COUNTER_component|cntr_76i:auto_generated|counter_reg_bit[5] ; lpm_counter0:inst|lpm_counter:LPM_COUNTER_component|cntr_76i:auto_generated|counter_reg_bit[6] ; clk          ; clk         ; 0.000        ; 0.043      ; 1.064      ;
; 0.878 ; lpm_counter0:inst|lpm_counter:LPM_COUNTER_component|cntr_76i:auto_generated|counter_reg_bit[0] ; lpm_counter0:inst|lpm_counter:LPM_COUNTER_component|cntr_76i:auto_generated|counter_reg_bit[1] ; clk          ; clk         ; 0.000        ; 0.043      ; 1.078      ;
; 0.878 ; lpm_counter0:inst|lpm_counter:LPM_COUNTER_component|cntr_76i:auto_generated|counter_reg_bit[6] ; lpm_counter0:inst|lpm_counter:LPM_COUNTER_component|cntr_76i:auto_generated|counter_reg_bit[7] ; clk          ; clk         ; 0.000        ; 0.043      ; 1.078      ;
; 0.879 ; lpm_counter0:inst|lpm_counter:LPM_COUNTER_component|cntr_76i:auto_generated|counter_reg_bit[2] ; lpm_counter0:inst|lpm_counter:LPM_COUNTER_component|cntr_76i:auto_generated|counter_reg_bit[3] ; clk          ; clk         ; 0.000        ; 0.043      ; 1.079      ;
; 0.880 ; lpm_counter0:inst|lpm_counter:LPM_COUNTER_component|cntr_76i:auto_generated|counter_reg_bit[0] ; lpm_counter0:inst|lpm_counter:LPM_COUNTER_component|cntr_76i:auto_generated|counter_reg_bit[2] ; clk          ; clk         ; 0.000        ; 0.043      ; 1.080      ;
; 0.880 ; lpm_counter0:inst|lpm_counter:LPM_COUNTER_component|cntr_76i:auto_generated|counter_reg_bit[4] ; lpm_counter0:inst|lpm_counter:LPM_COUNTER_component|cntr_76i:auto_generated|counter_reg_bit[5] ; clk          ; clk         ; 0.000        ; 0.043      ; 1.080      ;
; 0.881 ; lpm_counter0:inst|lpm_counter:LPM_COUNTER_component|cntr_76i:auto_generated|counter_reg_bit[2] ; lpm_counter0:inst|lpm_counter:LPM_COUNTER_component|cntr_76i:auto_generated|counter_reg_bit[4] ; clk          ; clk         ; 0.000        ; 0.043      ; 1.081      ;
; 0.882 ; lpm_counter0:inst|lpm_counter:LPM_COUNTER_component|cntr_76i:auto_generated|counter_reg_bit[4] ; lpm_counter0:inst|lpm_counter:LPM_COUNTER_component|cntr_76i:auto_generated|counter_reg_bit[6] ; clk          ; clk         ; 0.000        ; 0.043      ; 1.082      ;
; 0.973 ; lpm_counter0:inst|lpm_counter:LPM_COUNTER_component|cntr_76i:auto_generated|counter_reg_bit[1] ; lpm_counter0:inst|lpm_counter:LPM_COUNTER_component|cntr_76i:auto_generated|counter_reg_bit[3] ; clk          ; clk         ; 0.000        ; 0.043      ; 1.173      ;
; 0.973 ; lpm_counter0:inst|lpm_counter:LPM_COUNTER_component|cntr_76i:auto_generated|counter_reg_bit[3] ; lpm_counter0:inst|lpm_counter:LPM_COUNTER_component|cntr_76i:auto_generated|counter_reg_bit[5] ; clk          ; clk         ; 0.000        ; 0.043      ; 1.173      ;
; 0.974 ; lpm_counter0:inst|lpm_counter:LPM_COUNTER_component|cntr_76i:auto_generated|counter_reg_bit[5] ; lpm_counter0:inst|lpm_counter:LPM_COUNTER_component|cntr_76i:auto_generated|counter_reg_bit[7] ; clk          ; clk         ; 0.000        ; 0.043      ; 1.174      ;
; 0.975 ; lpm_counter0:inst|lpm_counter:LPM_COUNTER_component|cntr_76i:auto_generated|counter_reg_bit[1] ; lpm_counter0:inst|lpm_counter:LPM_COUNTER_component|cntr_76i:auto_generated|counter_reg_bit[4] ; clk          ; clk         ; 0.000        ; 0.043      ; 1.175      ;
; 0.975 ; lpm_counter0:inst|lpm_counter:LPM_COUNTER_component|cntr_76i:auto_generated|counter_reg_bit[3] ; lpm_counter0:inst|lpm_counter:LPM_COUNTER_component|cntr_76i:auto_generated|counter_reg_bit[6] ; clk          ; clk         ; 0.000        ; 0.043      ; 1.175      ;
; 0.990 ; lpm_counter0:inst|lpm_counter:LPM_COUNTER_component|cntr_76i:auto_generated|counter_reg_bit[0] ; lpm_counter0:inst|lpm_counter:LPM_COUNTER_component|cntr_76i:auto_generated|counter_reg_bit[3] ; clk          ; clk         ; 0.000        ; 0.043      ; 1.190      ;
; 0.991 ; lpm_counter0:inst|lpm_counter:LPM_COUNTER_component|cntr_76i:auto_generated|counter_reg_bit[2] ; lpm_counter0:inst|lpm_counter:LPM_COUNTER_component|cntr_76i:auto_generated|counter_reg_bit[5] ; clk          ; clk         ; 0.000        ; 0.043      ; 1.191      ;
; 0.992 ; lpm_counter0:inst|lpm_counter:LPM_COUNTER_component|cntr_76i:auto_generated|counter_reg_bit[0] ; lpm_counter0:inst|lpm_counter:LPM_COUNTER_component|cntr_76i:auto_generated|counter_reg_bit[4] ; clk          ; clk         ; 0.000        ; 0.043      ; 1.192      ;
; 0.992 ; lpm_counter0:inst|lpm_counter:LPM_COUNTER_component|cntr_76i:auto_generated|counter_reg_bit[4] ; lpm_counter0:inst|lpm_counter:LPM_COUNTER_component|cntr_76i:auto_generated|counter_reg_bit[7] ; clk          ; clk         ; 0.000        ; 0.043      ; 1.192      ;
; 0.993 ; lpm_counter0:inst|lpm_counter:LPM_COUNTER_component|cntr_76i:auto_generated|counter_reg_bit[2] ; lpm_counter0:inst|lpm_counter:LPM_COUNTER_component|cntr_76i:auto_generated|counter_reg_bit[6] ; clk          ; clk         ; 0.000        ; 0.043      ; 1.193      ;
; 1.085 ; lpm_counter0:inst|lpm_counter:LPM_COUNTER_component|cntr_76i:auto_generated|counter_reg_bit[1] ; lpm_counter0:inst|lpm_counter:LPM_COUNTER_component|cntr_76i:auto_generated|counter_reg_bit[5] ; clk          ; clk         ; 0.000        ; 0.043      ; 1.285      ;
; 1.085 ; lpm_counter0:inst|lpm_counter:LPM_COUNTER_component|cntr_76i:auto_generated|counter_reg_bit[3] ; lpm_counter0:inst|lpm_counter:LPM_COUNTER_component|cntr_76i:auto_generated|counter_reg_bit[7] ; clk          ; clk         ; 0.000        ; 0.043      ; 1.285      ;
; 1.087 ; lpm_counter0:inst|lpm_counter:LPM_COUNTER_component|cntr_76i:auto_generated|counter_reg_bit[1] ; lpm_counter0:inst|lpm_counter:LPM_COUNTER_component|cntr_76i:auto_generated|counter_reg_bit[6] ; clk          ; clk         ; 0.000        ; 0.043      ; 1.287      ;
; 1.102 ; lpm_counter0:inst|lpm_counter:LPM_COUNTER_component|cntr_76i:auto_generated|counter_reg_bit[0] ; lpm_counter0:inst|lpm_counter:LPM_COUNTER_component|cntr_76i:auto_generated|counter_reg_bit[5] ; clk          ; clk         ; 0.000        ; 0.043      ; 1.302      ;
; 1.103 ; lpm_counter0:inst|lpm_counter:LPM_COUNTER_component|cntr_76i:auto_generated|counter_reg_bit[2] ; lpm_counter0:inst|lpm_counter:LPM_COUNTER_component|cntr_76i:auto_generated|counter_reg_bit[7] ; clk          ; clk         ; 0.000        ; 0.043      ; 1.303      ;
; 1.104 ; lpm_counter0:inst|lpm_counter:LPM_COUNTER_component|cntr_76i:auto_generated|counter_reg_bit[0] ; lpm_counter0:inst|lpm_counter:LPM_COUNTER_component|cntr_76i:auto_generated|counter_reg_bit[6] ; clk          ; clk         ; 0.000        ; 0.043      ; 1.304      ;
; 1.197 ; lpm_counter0:inst|lpm_counter:LPM_COUNTER_component|cntr_76i:auto_generated|counter_reg_bit[1] ; lpm_counter0:inst|lpm_counter:LPM_COUNTER_component|cntr_76i:auto_generated|counter_reg_bit[7] ; clk          ; clk         ; 0.000        ; 0.043      ; 1.397      ;
; 1.214 ; lpm_counter0:inst|lpm_counter:LPM_COUNTER_component|cntr_76i:auto_generated|counter_reg_bit[0] ; lpm_counter0:inst|lpm_counter:LPM_COUNTER_component|cntr_76i:auto_generated|counter_reg_bit[7] ; clk          ; clk         ; 0.000        ; 0.043      ; 1.414      ;
+-------+------------------------------------------------------------------------------------------------+------------------------------------------------------------------------------------------------+--------------+-------------+--------------+------------+------------+


+---------------------------------------------------------------------------------------------------------------------------------------------------------------------------------+
; Slow 1200mV 85C Model Minimum Pulse Width: 'clk'                                                                                                                                ;
+--------+--------------+----------------+------------------+-------+------------+------------------------------------------------------------------------------------------------+
; Slack  ; Actual Width ; Required Width ; Type             ; Clock ; Clock Edge ; Target                                                                                         ;
+--------+--------------+----------------+------------------+-------+------------+------------------------------------------------------------------------------------------------+
; -3.000 ; 1.000        ; 4.000          ; Port Rate        ; clk   ; Rise       ; clk                                                                                            ;
; -1.000 ; 1.000        ; 2.000          ; Min Period       ; clk   ; Rise       ; lpm_counter0:inst|lpm_counter:LPM_COUNTER_component|cntr_76i:auto_generated|counter_reg_bit[0] ;
; -1.000 ; 1.000        ; 2.000          ; Min Period       ; clk   ; Rise       ; lpm_counter0:inst|lpm_counter:LPM_COUNTER_component|cntr_76i:auto_generated|counter_reg_bit[1] ;
; -1.000 ; 1.000        ; 2.000          ; Min Period       ; clk   ; Rise       ; lpm_counter0:inst|lpm_counter:LPM_COUNTER_component|cntr_76i:auto_generated|counter_reg_bit[2] ;
; -1.000 ; 1.000        ; 2.000          ; Min Period       ; clk   ; Rise       ; lpm_counter0:inst|lpm_counter:LPM_COUNTER_component|cntr_76i:auto_generated|counter_reg_bit[3] ;
; -1.000 ; 1.000        ; 2.000          ; Min Period       ; clk   ; Rise       ; lpm_counter0:inst|lpm_counter:LPM_COUNTER_component|cntr_76i:auto_generated|counter_reg_bit[4] ;
; -1.000 ; 1.000        ; 2.000          ; Min Period       ; clk   ; Rise       ; lpm_counter0:inst|lpm_counter:LPM_COUNTER_component|cntr_76i:auto_generated|counter_reg_bit[5] ;
; -1.000 ; 1.000        ; 2.000          ; Min Period       ; clk   ; Rise       ; lpm_counter0:inst|lpm_counter:LPM_COUNTER_component|cntr_76i:auto_generated|counter_reg_bit[6] ;
; -1.000 ; 1.000        ; 2.000          ; Min Period       ; clk   ; Rise       ; lpm_counter0:inst|lpm_counter:LPM_COUNTER_component|cntr_76i:auto_generated|counter_reg_bit[7] ;
; 0.187  ; 0.371        ; 0.184          ; Low Pulse Width  ; clk   ; Rise       ; lpm_counter0:inst|lpm_counter:LPM_COUNTER_component|cntr_76i:auto_generated|counter_reg_bit[0] ;
; 0.187  ; 0.371        ; 0.184          ; Low Pulse Width  ; clk   ; Rise       ; lpm_counter0:inst|lpm_counter:LPM_COUNTER_component|cntr_76i:auto_generated|counter_reg_bit[1] ;
; 0.187  ; 0.371        ; 0.184          ; Low Pulse Width  ; clk   ; Rise       ; lpm_counter0:inst|lpm_counter:LPM_COUNTER_component|cntr_76i:auto_generated|counter_reg_bit[2] ;
; 0.187  ; 0.371        ; 0.184          ; Low Pulse Width  ; clk   ; Rise       ; lpm_counter0:inst|lpm_counter:LPM_COUNTER_component|cntr_76i:auto_generated|counter_reg_bit[3] ;
; 0.187  ; 0.371        ; 0.184          ; Low Pulse Width  ; clk   ; Rise       ; lpm_counter0:inst|lpm_counter:LPM_COUNTER_component|cntr_76i:auto_generated|counter_reg_bit[4] ;
; 0.187  ; 0.371        ; 0.184          ; Low Pulse Width  ; clk   ; Rise       ; lpm_counter0:inst|lpm_counter:LPM_COUNTER_component|cntr_76i:auto_generated|counter_reg_bit[5] ;
; 0.187  ; 0.371        ; 0.184          ; Low Pulse Width  ; clk   ; Rise       ; lpm_counter0:inst|lpm_counter:LPM_COUNTER_component|cntr_76i:auto_generated|counter_reg_bit[6] ;
; 0.187  ; 0.371        ; 0.184          ; Low Pulse Width  ; clk   ; Rise       ; lpm_counter0:inst|lpm_counter:LPM_COUNTER_component|cntr_76i:auto_generated|counter_reg_bit[7] ;
; 0.339  ; 0.339        ; 0.000          ; Low Pulse Width  ; clk   ; Rise       ; clk~input|o                                                                                    ;
; 0.347  ; 0.347        ; 0.000          ; Low Pulse Width  ; clk   ; Rise       ; inst|LPM_COUNTER_component|auto_generated|counter_reg_bit[0]|clk                               ;
; 0.347  ; 0.347        ; 0.000          ; Low Pulse Width  ; clk   ; Rise       ; inst|LPM_COUNTER_component|auto_generated|counter_reg_bit[1]|clk                               ;
; 0.347  ; 0.347        ; 0.000          ; Low Pulse Width  ; clk   ; Rise       ; inst|LPM_COUNTER_component|auto_generated|counter_reg_bit[2]|clk                               ;
; 0.347  ; 0.347        ; 0.000          ; Low Pulse Width  ; clk   ; Rise       ; inst|LPM_COUNTER_component|auto_generated|counter_reg_bit[3]|clk                               ;
; 0.347  ; 0.347        ; 0.000          ; Low Pulse Width  ; clk   ; Rise       ; inst|LPM_COUNTER_component|auto_generated|counter_reg_bit[4]|clk                               ;
; 0.347  ; 0.347        ; 0.000          ; Low Pulse Width  ; clk   ; Rise       ; inst|LPM_COUNTER_component|auto_generated|counter_reg_bit[5]|clk                               ;
; 0.347  ; 0.347        ; 0.000          ; Low Pulse Width  ; clk   ; Rise       ; inst|LPM_COUNTER_component|auto_generated|counter_reg_bit[6]|clk                               ;
; 0.347  ; 0.347        ; 0.000          ; Low Pulse Width  ; clk   ; Rise       ; inst|LPM_COUNTER_component|auto_generated|counter_reg_bit[7]|clk                               ;
; 0.411  ; 0.627        ; 0.216          ; High Pulse Width ; clk   ; Rise       ; lpm_counter0:inst|lpm_counter:LPM_COUNTER_component|cntr_76i:auto_generated|counter_reg_bit[0] ;
; 0.411  ; 0.627        ; 0.216          ; High Pulse Width ; clk   ; Rise       ; lpm_counter0:inst|lpm_counter:LPM_COUNTER_component|cntr_76i:auto_generated|counter_reg_bit[1] ;
; 0.411  ; 0.627        ; 0.216          ; High Pulse Width ; clk   ; Rise       ; lpm_counter0:inst|lpm_counter:LPM_COUNTER_component|cntr_76i:auto_generated|counter_reg_bit[2] ;
; 0.411  ; 0.627        ; 0.216          ; High Pulse Width ; clk   ; Rise       ; lpm_counter0:inst|lpm_counter:LPM_COUNTER_component|cntr_76i:auto_generated|counter_reg_bit[3] ;
; 0.411  ; 0.627        ; 0.216          ; High Pulse Width ; clk   ; Rise       ; lpm_counter0:inst|lpm_counter:LPM_COUNTER_component|cntr_76i:auto_generated|counter_reg_bit[4] ;
; 0.411  ; 0.627        ; 0.216          ; High Pulse Width ; clk   ; Rise       ; lpm_counter0:inst|lpm_counter:LPM_COUNTER_component|cntr_76i:auto_generated|counter_reg_bit[5] ;
; 0.411  ; 0.627        ; 0.216          ; High Pulse Width ; clk   ; Rise       ; lpm_counter0:inst|lpm_counter:LPM_COUNTER_component|cntr_76i:auto_generated|counter_reg_bit[6] ;
; 0.411  ; 0.627        ; 0.216          ; High Pulse Width ; clk   ; Rise       ; lpm_counter0:inst|lpm_counter:LPM_COUNTER_component|cntr_76i:auto_generated|counter_reg_bit[7] ;
; 0.500  ; 0.500        ; 0.000          ; High Pulse Width ; clk   ; Rise       ; clk~input|i                                                                                    ;
; 0.500  ; 0.500        ; 0.000          ; Low Pulse Width  ; clk   ; Rise       ; clk~input|i                                                                                    ;
; 0.649  ; 0.649        ; 0.000          ; High Pulse Width ; clk   ; Rise       ; inst|LPM_COUNTER_component|auto_generated|counter_reg_bit[0]|clk                               ;
; 0.649  ; 0.649        ; 0.000          ; High Pulse Width ; clk   ; Rise       ; inst|LPM_COUNTER_component|auto_generated|counter_reg_bit[1]|clk                               ;
; 0.649  ; 0.649        ; 0.000          ; High Pulse Width ; clk   ; Rise       ; inst|LPM_COUNTER_component|auto_generated|counter_reg_bit[2]|clk                               ;
; 0.649  ; 0.649        ; 0.000          ; High Pulse Width ; clk   ; Rise       ; inst|LPM_COUNTER_component|auto_generated|counter_reg_bit[3]|clk                               ;
; 0.649  ; 0.649        ; 0.000          ; High Pulse Width ; clk   ; Rise       ; inst|LPM_COUNTER_component|auto_generated|counter_reg_bit[4]|clk                               ;
; 0.649  ; 0.649        ; 0.000          ; High Pulse Width ; clk   ; Rise       ; inst|LPM_COUNTER_component|auto_generated|counter_reg_bit[5]|clk                               ;
; 0.649  ; 0.649        ; 0.000          ; High Pulse Width ; clk   ; Rise       ; inst|LPM_COUNTER_component|auto_generated|counter_reg_bit[6]|clk                               ;
; 0.649  ; 0.649        ; 0.000          ; High Pulse Width ; clk   ; Rise       ; inst|LPM_COUNTER_component|auto_generated|counter_reg_bit[7]|clk                               ;
; 0.661  ; 0.661        ; 0.000          ; High Pulse Width ; clk   ; Rise       ; clk~input|o                                                                                    ;
+--------+--------------+----------------+------------------+-------+------------+------------------------------------------------------------------------------------------------+


+------------------------------------------------------------------------+
; Clock to Output Times                                                  ;
+------------+------------+-------+-------+------------+-----------------+
; Data Port  ; Clock Port ; Rise  ; Fall  ; Clock Edge ; Clock Reference ;
+------------+------------+-------+-------+------------+-----------------+
; HEX0_D[*]  ; clk        ; 7.278 ; 7.201 ; Rise       ; clk             ;
;  HEX0_D[0] ; clk        ; 7.029 ; 6.942 ; Rise       ; clk             ;
;  HEX0_D[1] ; clk        ; 7.016 ; 6.949 ; Rise       ; clk             ;
;  HEX0_D[2] ; clk        ; 7.055 ; 6.979 ; Rise       ; clk             ;
;  HEX0_D[3] ; clk        ; 7.278 ; 7.201 ; Rise       ; clk             ;
;  HEX0_D[4] ; clk        ; 7.071 ; 6.993 ; Rise       ; clk             ;
;  HEX0_D[5] ; clk        ; 7.094 ; 7.024 ; Rise       ; clk             ;
;  HEX0_D[6] ; clk        ; 6.993 ; 7.065 ; Rise       ; clk             ;
; HEX1_D[*]  ; clk        ; 7.516 ; 7.474 ; Rise       ; clk             ;
;  HEX1_D[0] ; clk        ; 7.116 ; 7.035 ; Rise       ; clk             ;
;  HEX1_D[1] ; clk        ; 7.069 ; 7.033 ; Rise       ; clk             ;
;  HEX1_D[2] ; clk        ; 7.194 ; 7.254 ; Rise       ; clk             ;
;  HEX1_D[3] ; clk        ; 7.103 ; 6.978 ; Rise       ; clk             ;
;  HEX1_D[4] ; clk        ; 7.130 ; 6.950 ; Rise       ; clk             ;
;  HEX1_D[5] ; clk        ; 7.516 ; 7.474 ; Rise       ; clk             ;
;  HEX1_D[6] ; clk        ; 7.330 ; 7.346 ; Rise       ; clk             ;
+------------+------------+-------+-------+------------+-----------------+


+------------------------------------------------------------------------+
; Minimum Clock to Output Times                                          ;
+------------+------------+-------+-------+------------+-----------------+
; Data Port  ; Clock Port ; Rise  ; Fall  ; Clock Edge ; Clock Reference ;
+------------+------------+-------+-------+------------+-----------------+
; HEX0_D[*]  ; clk        ; 6.418 ; 6.342 ; Rise       ; clk             ;
;  HEX0_D[0] ; clk        ; 6.434 ; 6.359 ; Rise       ; clk             ;
;  HEX0_D[1] ; clk        ; 6.418 ; 6.342 ; Rise       ; clk             ;
;  HEX0_D[2] ; clk        ; 6.452 ; 6.384 ; Rise       ; clk             ;
;  HEX0_D[3] ; clk        ; 6.746 ; 6.600 ; Rise       ; clk             ;
;  HEX0_D[4] ; clk        ; 6.553 ; 6.402 ; Rise       ; clk             ;
;  HEX0_D[5] ; clk        ; 6.497 ; 6.435 ; Rise       ; clk             ;
;  HEX0_D[6] ; clk        ; 6.523 ; 6.474 ; Rise       ; clk             ;
; HEX1_D[*]  ; clk        ; 6.232 ; 6.188 ; Rise       ; clk             ;
;  HEX1_D[0] ; clk        ; 6.283 ; 6.204 ; Rise       ; clk             ;
;  HEX1_D[1] ; clk        ; 6.243 ; 6.198 ; Rise       ; clk             ;
;  HEX1_D[2] ; clk        ; 6.611 ; 6.410 ; Rise       ; clk             ;
;  HEX1_D[3] ; clk        ; 6.232 ; 6.188 ; Rise       ; clk             ;
;  HEX1_D[4] ; clk        ; 6.272 ; 6.368 ; Rise       ; clk             ;
;  HEX1_D[5] ; clk        ; 6.671 ; 6.682 ; Rise       ; clk             ;
;  HEX1_D[6] ; clk        ; 6.482 ; 6.694 ; Rise       ; clk             ;
+------------+------------+-------+-------+------------+-----------------+


----------------------------------------------
; Slow 1200mV 85C Model Metastability Report ;
----------------------------------------------
No synchronizer chains to report.


+-----------------------------------------------------------------------------------------------------------+
; Slow 1200mV 0C Model Fmax Summary                                                                         ;
+------------+-----------------+------------+---------------------------------------------------------------+
; Fmax       ; Restricted Fmax ; Clock Name ; Note                                                          ;
+------------+-----------------+------------+---------------------------------------------------------------+
; 636.94 MHz ; 250.0 MHz       ; clk        ; limit due to minimum period restriction (max I/O toggle rate) ;
+------------+-----------------+------------+---------------------------------------------------------------+
This panel reports FMAX for every clock in the design, regardless of the user-specified clock periods.  FMAX is only computed for paths where the source and destination registers or ports are driven by the same clock.  Paths of different clocks, including generated clocks, are ignored.  For paths between a clock and its inversion, FMAX is computed as if the rising and falling edges are scaled along with FMAX, such that the duty cycle (in terms of a percentage) is maintained. Altera recommends that you always use clock constraints and other slack reports for sign-off analysis.


+------------------------------------+
; Slow 1200mV 0C Model Setup Summary ;
+-------+--------+-------------------+
; Clock ; Slack  ; End Point TNS     ;
+-------+--------+-------------------+
; clk   ; -0.570 ; -3.090            ;
+-------+--------+-------------------+


+-----------------------------------+
; Slow 1200mV 0C Model Hold Summary ;
+-------+-------+-------------------+
; Clock ; Slack ; End Point TNS     ;
+-------+-------+-------------------+
; clk   ; 0.532 ; 0.000             ;
+-------+-------+-------------------+


-----------------------------------------
; Slow 1200mV 0C Model Recovery Summary ;
-----------------------------------------
No paths to report.


----------------------------------------
; Slow 1200mV 0C Model Removal Summary ;
----------------------------------------
No paths to report.


+--------------------------------------------------+
; Slow 1200mV 0C Model Minimum Pulse Width Summary ;
+-------+--------+---------------------------------+
; Clock ; Slack  ; End Point TNS                   ;
+-------+--------+---------------------------------+
; clk   ; -3.000 ; -11.000                         ;
+-------+--------+---------------------------------+


+--------------------------------------------------------------------------------------------------------------------------------------------------------------------------------------------------------------------------------------------------------------------------------+
; Slow 1200mV 0C Model Setup: 'clk'                                                                                                                                                                                                                                              ;
+--------+------------------------------------------------------------------------------------------------+------------------------------------------------------------------------------------------------+--------------+-------------+--------------+------------+------------+
; Slack  ; From Node                                                                                      ; To Node                                                                                        ; Launch Clock ; Latch Clock ; Relationship ; Clock Skew ; Data Delay ;
+--------+------------------------------------------------------------------------------------------------+------------------------------------------------------------------------------------------------+--------------+-------------+--------------+------------+------------+
; -0.570 ; lpm_counter0:inst|lpm_counter:LPM_COUNTER_component|cntr_76i:auto_generated|counter_reg_bit[0] ; lpm_counter0:inst|lpm_counter:LPM_COUNTER_component|cntr_76i:auto_generated|counter_reg_bit[7] ; clk          ; clk         ; 1.000        ; -0.038     ; 1.547      ;
; -0.570 ; lpm_counter0:inst|lpm_counter:LPM_COUNTER_component|cntr_76i:auto_generated|counter_reg_bit[1] ; lpm_counter0:inst|lpm_counter:LPM_COUNTER_component|cntr_76i:auto_generated|counter_reg_bit[6] ; clk          ; clk         ; 1.000        ; -0.038     ; 1.547      ;
; -0.552 ; lpm_counter0:inst|lpm_counter:LPM_COUNTER_component|cntr_76i:auto_generated|counter_reg_bit[1] ; lpm_counter0:inst|lpm_counter:LPM_COUNTER_component|cntr_76i:auto_generated|counter_reg_bit[7] ; clk          ; clk         ; 1.000        ; -0.038     ; 1.529      ;
; -0.500 ; lpm_counter0:inst|lpm_counter:LPM_COUNTER_component|cntr_76i:auto_generated|counter_reg_bit[0] ; lpm_counter0:inst|lpm_counter:LPM_COUNTER_component|cntr_76i:auto_generated|counter_reg_bit[6] ; clk          ; clk         ; 1.000        ; -0.038     ; 1.477      ;
; -0.471 ; lpm_counter0:inst|lpm_counter:LPM_COUNTER_component|cntr_76i:auto_generated|counter_reg_bit[2] ; lpm_counter0:inst|lpm_counter:LPM_COUNTER_component|cntr_76i:auto_generated|counter_reg_bit[7] ; clk          ; clk         ; 1.000        ; -0.038     ; 1.448      ;
; -0.470 ; lpm_counter0:inst|lpm_counter:LPM_COUNTER_component|cntr_76i:auto_generated|counter_reg_bit[0] ; lpm_counter0:inst|lpm_counter:LPM_COUNTER_component|cntr_76i:auto_generated|counter_reg_bit[5] ; clk          ; clk         ; 1.000        ; -0.038     ; 1.447      ;
; -0.470 ; lpm_counter0:inst|lpm_counter:LPM_COUNTER_component|cntr_76i:auto_generated|counter_reg_bit[1] ; lpm_counter0:inst|lpm_counter:LPM_COUNTER_component|cntr_76i:auto_generated|counter_reg_bit[4] ; clk          ; clk         ; 1.000        ; -0.038     ; 1.447      ;
; -0.468 ; lpm_counter0:inst|lpm_counter:LPM_COUNTER_component|cntr_76i:auto_generated|counter_reg_bit[3] ; lpm_counter0:inst|lpm_counter:LPM_COUNTER_component|cntr_76i:auto_generated|counter_reg_bit[6] ; clk          ; clk         ; 1.000        ; -0.038     ; 1.445      ;
; -0.452 ; lpm_counter0:inst|lpm_counter:LPM_COUNTER_component|cntr_76i:auto_generated|counter_reg_bit[1] ; lpm_counter0:inst|lpm_counter:LPM_COUNTER_component|cntr_76i:auto_generated|counter_reg_bit[5] ; clk          ; clk         ; 1.000        ; -0.038     ; 1.429      ;
; -0.450 ; lpm_counter0:inst|lpm_counter:LPM_COUNTER_component|cntr_76i:auto_generated|counter_reg_bit[3] ; lpm_counter0:inst|lpm_counter:LPM_COUNTER_component|cntr_76i:auto_generated|counter_reg_bit[7] ; clk          ; clk         ; 1.000        ; -0.038     ; 1.427      ;
; -0.401 ; lpm_counter0:inst|lpm_counter:LPM_COUNTER_component|cntr_76i:auto_generated|counter_reg_bit[2] ; lpm_counter0:inst|lpm_counter:LPM_COUNTER_component|cntr_76i:auto_generated|counter_reg_bit[6] ; clk          ; clk         ; 1.000        ; -0.038     ; 1.378      ;
; -0.400 ; lpm_counter0:inst|lpm_counter:LPM_COUNTER_component|cntr_76i:auto_generated|counter_reg_bit[0] ; lpm_counter0:inst|lpm_counter:LPM_COUNTER_component|cntr_76i:auto_generated|counter_reg_bit[4] ; clk          ; clk         ; 1.000        ; -0.038     ; 1.377      ;
; -0.372 ; lpm_counter0:inst|lpm_counter:LPM_COUNTER_component|cntr_76i:auto_generated|counter_reg_bit[4] ; lpm_counter0:inst|lpm_counter:LPM_COUNTER_component|cntr_76i:auto_generated|counter_reg_bit[7] ; clk          ; clk         ; 1.000        ; -0.038     ; 1.349      ;
; -0.371 ; lpm_counter0:inst|lpm_counter:LPM_COUNTER_component|cntr_76i:auto_generated|counter_reg_bit[2] ; lpm_counter0:inst|lpm_counter:LPM_COUNTER_component|cntr_76i:auto_generated|counter_reg_bit[5] ; clk          ; clk         ; 1.000        ; -0.038     ; 1.348      ;
; -0.370 ; lpm_counter0:inst|lpm_counter:LPM_COUNTER_component|cntr_76i:auto_generated|counter_reg_bit[0] ; lpm_counter0:inst|lpm_counter:LPM_COUNTER_component|cntr_76i:auto_generated|counter_reg_bit[3] ; clk          ; clk         ; 1.000        ; -0.038     ; 1.347      ;
; -0.370 ; lpm_counter0:inst|lpm_counter:LPM_COUNTER_component|cntr_76i:auto_generated|counter_reg_bit[1] ; lpm_counter0:inst|lpm_counter:LPM_COUNTER_component|cntr_76i:auto_generated|counter_reg_bit[2] ; clk          ; clk         ; 1.000        ; -0.038     ; 1.347      ;
; -0.370 ; lpm_counter0:inst|lpm_counter:LPM_COUNTER_component|cntr_76i:auto_generated|counter_reg_bit[5] ; lpm_counter0:inst|lpm_counter:LPM_COUNTER_component|cntr_76i:auto_generated|counter_reg_bit[6] ; clk          ; clk         ; 1.000        ; -0.038     ; 1.347      ;
; -0.368 ; lpm_counter0:inst|lpm_counter:LPM_COUNTER_component|cntr_76i:auto_generated|counter_reg_bit[3] ; lpm_counter0:inst|lpm_counter:LPM_COUNTER_component|cntr_76i:auto_generated|counter_reg_bit[4] ; clk          ; clk         ; 1.000        ; -0.038     ; 1.345      ;
; -0.352 ; lpm_counter0:inst|lpm_counter:LPM_COUNTER_component|cntr_76i:auto_generated|counter_reg_bit[1] ; lpm_counter0:inst|lpm_counter:LPM_COUNTER_component|cntr_76i:auto_generated|counter_reg_bit[3] ; clk          ; clk         ; 1.000        ; -0.038     ; 1.329      ;
; -0.352 ; lpm_counter0:inst|lpm_counter:LPM_COUNTER_component|cntr_76i:auto_generated|counter_reg_bit[5] ; lpm_counter0:inst|lpm_counter:LPM_COUNTER_component|cntr_76i:auto_generated|counter_reg_bit[7] ; clk          ; clk         ; 1.000        ; -0.038     ; 1.329      ;
; -0.350 ; lpm_counter0:inst|lpm_counter:LPM_COUNTER_component|cntr_76i:auto_generated|counter_reg_bit[3] ; lpm_counter0:inst|lpm_counter:LPM_COUNTER_component|cntr_76i:auto_generated|counter_reg_bit[5] ; clk          ; clk         ; 1.000        ; -0.038     ; 1.327      ;
; -0.302 ; lpm_counter0:inst|lpm_counter:LPM_COUNTER_component|cntr_76i:auto_generated|counter_reg_bit[4] ; lpm_counter0:inst|lpm_counter:LPM_COUNTER_component|cntr_76i:auto_generated|counter_reg_bit[6] ; clk          ; clk         ; 1.000        ; -0.038     ; 1.279      ;
; -0.301 ; lpm_counter0:inst|lpm_counter:LPM_COUNTER_component|cntr_76i:auto_generated|counter_reg_bit[2] ; lpm_counter0:inst|lpm_counter:LPM_COUNTER_component|cntr_76i:auto_generated|counter_reg_bit[4] ; clk          ; clk         ; 1.000        ; -0.038     ; 1.278      ;
; -0.300 ; lpm_counter0:inst|lpm_counter:LPM_COUNTER_component|cntr_76i:auto_generated|counter_reg_bit[0] ; lpm_counter0:inst|lpm_counter:LPM_COUNTER_component|cntr_76i:auto_generated|counter_reg_bit[2] ; clk          ; clk         ; 1.000        ; -0.038     ; 1.277      ;
; -0.272 ; lpm_counter0:inst|lpm_counter:LPM_COUNTER_component|cntr_76i:auto_generated|counter_reg_bit[4] ; lpm_counter0:inst|lpm_counter:LPM_COUNTER_component|cntr_76i:auto_generated|counter_reg_bit[5] ; clk          ; clk         ; 1.000        ; -0.038     ; 1.249      ;
; -0.271 ; lpm_counter0:inst|lpm_counter:LPM_COUNTER_component|cntr_76i:auto_generated|counter_reg_bit[2] ; lpm_counter0:inst|lpm_counter:LPM_COUNTER_component|cntr_76i:auto_generated|counter_reg_bit[3] ; clk          ; clk         ; 1.000        ; -0.038     ; 1.248      ;
; -0.270 ; lpm_counter0:inst|lpm_counter:LPM_COUNTER_component|cntr_76i:auto_generated|counter_reg_bit[0] ; lpm_counter0:inst|lpm_counter:LPM_COUNTER_component|cntr_76i:auto_generated|counter_reg_bit[1] ; clk          ; clk         ; 1.000        ; -0.038     ; 1.247      ;
; -0.269 ; lpm_counter0:inst|lpm_counter:LPM_COUNTER_component|cntr_76i:auto_generated|counter_reg_bit[6] ; lpm_counter0:inst|lpm_counter:LPM_COUNTER_component|cntr_76i:auto_generated|counter_reg_bit[7] ; clk          ; clk         ; 1.000        ; -0.038     ; 1.246      ;
; 0.084  ; lpm_counter0:inst|lpm_counter:LPM_COUNTER_component|cntr_76i:auto_generated|counter_reg_bit[6] ; lpm_counter0:inst|lpm_counter:LPM_COUNTER_component|cntr_76i:auto_generated|counter_reg_bit[6] ; clk          ; clk         ; 1.000        ; -0.034     ; 0.897      ;
; 0.087  ; lpm_counter0:inst|lpm_counter:LPM_COUNTER_component|cntr_76i:auto_generated|counter_reg_bit[7] ; lpm_counter0:inst|lpm_counter:LPM_COUNTER_component|cntr_76i:auto_generated|counter_reg_bit[7] ; clk          ; clk         ; 1.000        ; -0.034     ; 0.894      ;
; 0.090  ; lpm_counter0:inst|lpm_counter:LPM_COUNTER_component|cntr_76i:auto_generated|counter_reg_bit[4] ; lpm_counter0:inst|lpm_counter:LPM_COUNTER_component|cntr_76i:auto_generated|counter_reg_bit[4] ; clk          ; clk         ; 1.000        ; -0.034     ; 0.891      ;
; 0.091  ; lpm_counter0:inst|lpm_counter:LPM_COUNTER_component|cntr_76i:auto_generated|counter_reg_bit[2] ; lpm_counter0:inst|lpm_counter:LPM_COUNTER_component|cntr_76i:auto_generated|counter_reg_bit[2] ; clk          ; clk         ; 1.000        ; -0.034     ; 0.890      ;
; 0.092  ; lpm_counter0:inst|lpm_counter:LPM_COUNTER_component|cntr_76i:auto_generated|counter_reg_bit[0] ; lpm_counter0:inst|lpm_counter:LPM_COUNTER_component|cntr_76i:auto_generated|counter_reg_bit[0] ; clk          ; clk         ; 1.000        ; -0.034     ; 0.889      ;
; 0.100  ; lpm_counter0:inst|lpm_counter:LPM_COUNTER_component|cntr_76i:auto_generated|counter_reg_bit[5] ; lpm_counter0:inst|lpm_counter:LPM_COUNTER_component|cntr_76i:auto_generated|counter_reg_bit[5] ; clk          ; clk         ; 1.000        ; -0.034     ; 0.881      ;
; 0.102  ; lpm_counter0:inst|lpm_counter:LPM_COUNTER_component|cntr_76i:auto_generated|counter_reg_bit[1] ; lpm_counter0:inst|lpm_counter:LPM_COUNTER_component|cntr_76i:auto_generated|counter_reg_bit[1] ; clk          ; clk         ; 1.000        ; -0.034     ; 0.879      ;
; 0.102  ; lpm_counter0:inst|lpm_counter:LPM_COUNTER_component|cntr_76i:auto_generated|counter_reg_bit[3] ; lpm_counter0:inst|lpm_counter:LPM_COUNTER_component|cntr_76i:auto_generated|counter_reg_bit[3] ; clk          ; clk         ; 1.000        ; -0.034     ; 0.879      ;
+--------+------------------------------------------------------------------------------------------------+------------------------------------------------------------------------------------------------+--------------+-------------+--------------+------------+------------+


+-------------------------------------------------------------------------------------------------------------------------------------------------------------------------------------------------------------------------------------------------------------------------------+
; Slow 1200mV 0C Model Hold: 'clk'                                                                                                                                                                                                                                              ;
+-------+------------------------------------------------------------------------------------------------+------------------------------------------------------------------------------------------------+--------------+-------------+--------------+------------+------------+
; Slack ; From Node                                                                                      ; To Node                                                                                        ; Launch Clock ; Latch Clock ; Relationship ; Clock Skew ; Data Delay ;
+-------+------------------------------------------------------------------------------------------------+------------------------------------------------------------------------------------------------+--------------+-------------+--------------+------------+------------+
; 0.532 ; lpm_counter0:inst|lpm_counter:LPM_COUNTER_component|cntr_76i:auto_generated|counter_reg_bit[3] ; lpm_counter0:inst|lpm_counter:LPM_COUNTER_component|cntr_76i:auto_generated|counter_reg_bit[3] ; clk          ; clk         ; 0.000        ; 0.034      ; 0.710      ;
; 0.533 ; lpm_counter0:inst|lpm_counter:LPM_COUNTER_component|cntr_76i:auto_generated|counter_reg_bit[5] ; lpm_counter0:inst|lpm_counter:LPM_COUNTER_component|cntr_76i:auto_generated|counter_reg_bit[5] ; clk          ; clk         ; 0.000        ; 0.034      ; 0.711      ;
; 0.534 ; lpm_counter0:inst|lpm_counter:LPM_COUNTER_component|cntr_76i:auto_generated|counter_reg_bit[1] ; lpm_counter0:inst|lpm_counter:LPM_COUNTER_component|cntr_76i:auto_generated|counter_reg_bit[1] ; clk          ; clk         ; 0.000        ; 0.034      ; 0.712      ;
; 0.534 ; lpm_counter0:inst|lpm_counter:LPM_COUNTER_component|cntr_76i:auto_generated|counter_reg_bit[6] ; lpm_counter0:inst|lpm_counter:LPM_COUNTER_component|cntr_76i:auto_generated|counter_reg_bit[6] ; clk          ; clk         ; 0.000        ; 0.034      ; 0.712      ;
; 0.537 ; lpm_counter0:inst|lpm_counter:LPM_COUNTER_component|cntr_76i:auto_generated|counter_reg_bit[2] ; lpm_counter0:inst|lpm_counter:LPM_COUNTER_component|cntr_76i:auto_generated|counter_reg_bit[2] ; clk          ; clk         ; 0.000        ; 0.034      ; 0.715      ;
; 0.537 ; lpm_counter0:inst|lpm_counter:LPM_COUNTER_component|cntr_76i:auto_generated|counter_reg_bit[7] ; lpm_counter0:inst|lpm_counter:LPM_COUNTER_component|cntr_76i:auto_generated|counter_reg_bit[7] ; clk          ; clk         ; 0.000        ; 0.034      ; 0.715      ;
; 0.538 ; lpm_counter0:inst|lpm_counter:LPM_COUNTER_component|cntr_76i:auto_generated|counter_reg_bit[4] ; lpm_counter0:inst|lpm_counter:LPM_COUNTER_component|cntr_76i:auto_generated|counter_reg_bit[4] ; clk          ; clk         ; 0.000        ; 0.034      ; 0.716      ;
; 0.551 ; lpm_counter0:inst|lpm_counter:LPM_COUNTER_component|cntr_76i:auto_generated|counter_reg_bit[0] ; lpm_counter0:inst|lpm_counter:LPM_COUNTER_component|cntr_76i:auto_generated|counter_reg_bit[0] ; clk          ; clk         ; 0.000        ; 0.034      ; 0.729      ;
; 0.772 ; lpm_counter0:inst|lpm_counter:LPM_COUNTER_component|cntr_76i:auto_generated|counter_reg_bit[3] ; lpm_counter0:inst|lpm_counter:LPM_COUNTER_component|cntr_76i:auto_generated|counter_reg_bit[4] ; clk          ; clk         ; 0.000        ; 0.038      ; 0.954      ;
; 0.773 ; lpm_counter0:inst|lpm_counter:LPM_COUNTER_component|cntr_76i:auto_generated|counter_reg_bit[5] ; lpm_counter0:inst|lpm_counter:LPM_COUNTER_component|cntr_76i:auto_generated|counter_reg_bit[6] ; clk          ; clk         ; 0.000        ; 0.038      ; 0.955      ;
; 0.775 ; lpm_counter0:inst|lpm_counter:LPM_COUNTER_component|cntr_76i:auto_generated|counter_reg_bit[1] ; lpm_counter0:inst|lpm_counter:LPM_COUNTER_component|cntr_76i:auto_generated|counter_reg_bit[2] ; clk          ; clk         ; 0.000        ; 0.038      ; 0.957      ;
; 0.779 ; lpm_counter0:inst|lpm_counter:LPM_COUNTER_component|cntr_76i:auto_generated|counter_reg_bit[6] ; lpm_counter0:inst|lpm_counter:LPM_COUNTER_component|cntr_76i:auto_generated|counter_reg_bit[7] ; clk          ; clk         ; 0.000        ; 0.038      ; 0.961      ;
; 0.780 ; lpm_counter0:inst|lpm_counter:LPM_COUNTER_component|cntr_76i:auto_generated|counter_reg_bit[0] ; lpm_counter0:inst|lpm_counter:LPM_COUNTER_component|cntr_76i:auto_generated|counter_reg_bit[1] ; clk          ; clk         ; 0.000        ; 0.038      ; 0.962      ;
; 0.782 ; lpm_counter0:inst|lpm_counter:LPM_COUNTER_component|cntr_76i:auto_generated|counter_reg_bit[2] ; lpm_counter0:inst|lpm_counter:LPM_COUNTER_component|cntr_76i:auto_generated|counter_reg_bit[3] ; clk          ; clk         ; 0.000        ; 0.038      ; 0.964      ;
; 0.783 ; lpm_counter0:inst|lpm_counter:LPM_COUNTER_component|cntr_76i:auto_generated|counter_reg_bit[4] ; lpm_counter0:inst|lpm_counter:LPM_COUNTER_component|cntr_76i:auto_generated|counter_reg_bit[5] ; clk          ; clk         ; 0.000        ; 0.038      ; 0.965      ;
; 0.787 ; lpm_counter0:inst|lpm_counter:LPM_COUNTER_component|cntr_76i:auto_generated|counter_reg_bit[0] ; lpm_counter0:inst|lpm_counter:LPM_COUNTER_component|cntr_76i:auto_generated|counter_reg_bit[2] ; clk          ; clk         ; 0.000        ; 0.038      ; 0.969      ;
; 0.789 ; lpm_counter0:inst|lpm_counter:LPM_COUNTER_component|cntr_76i:auto_generated|counter_reg_bit[2] ; lpm_counter0:inst|lpm_counter:LPM_COUNTER_component|cntr_76i:auto_generated|counter_reg_bit[4] ; clk          ; clk         ; 0.000        ; 0.038      ; 0.971      ;
; 0.790 ; lpm_counter0:inst|lpm_counter:LPM_COUNTER_component|cntr_76i:auto_generated|counter_reg_bit[4] ; lpm_counter0:inst|lpm_counter:LPM_COUNTER_component|cntr_76i:auto_generated|counter_reg_bit[6] ; clk          ; clk         ; 0.000        ; 0.038      ; 0.972      ;
; 0.861 ; lpm_counter0:inst|lpm_counter:LPM_COUNTER_component|cntr_76i:auto_generated|counter_reg_bit[3] ; lpm_counter0:inst|lpm_counter:LPM_COUNTER_component|cntr_76i:auto_generated|counter_reg_bit[5] ; clk          ; clk         ; 0.000        ; 0.038      ; 1.043      ;
; 0.862 ; lpm_counter0:inst|lpm_counter:LPM_COUNTER_component|cntr_76i:auto_generated|counter_reg_bit[5] ; lpm_counter0:inst|lpm_counter:LPM_COUNTER_component|cntr_76i:auto_generated|counter_reg_bit[7] ; clk          ; clk         ; 0.000        ; 0.038      ; 1.044      ;
; 0.864 ; lpm_counter0:inst|lpm_counter:LPM_COUNTER_component|cntr_76i:auto_generated|counter_reg_bit[1] ; lpm_counter0:inst|lpm_counter:LPM_COUNTER_component|cntr_76i:auto_generated|counter_reg_bit[3] ; clk          ; clk         ; 0.000        ; 0.038      ; 1.046      ;
; 0.868 ; lpm_counter0:inst|lpm_counter:LPM_COUNTER_component|cntr_76i:auto_generated|counter_reg_bit[3] ; lpm_counter0:inst|lpm_counter:LPM_COUNTER_component|cntr_76i:auto_generated|counter_reg_bit[6] ; clk          ; clk         ; 0.000        ; 0.038      ; 1.050      ;
; 0.871 ; lpm_counter0:inst|lpm_counter:LPM_COUNTER_component|cntr_76i:auto_generated|counter_reg_bit[1] ; lpm_counter0:inst|lpm_counter:LPM_COUNTER_component|cntr_76i:auto_generated|counter_reg_bit[4] ; clk          ; clk         ; 0.000        ; 0.038      ; 1.053      ;
; 0.876 ; lpm_counter0:inst|lpm_counter:LPM_COUNTER_component|cntr_76i:auto_generated|counter_reg_bit[0] ; lpm_counter0:inst|lpm_counter:LPM_COUNTER_component|cntr_76i:auto_generated|counter_reg_bit[3] ; clk          ; clk         ; 0.000        ; 0.038      ; 1.058      ;
; 0.878 ; lpm_counter0:inst|lpm_counter:LPM_COUNTER_component|cntr_76i:auto_generated|counter_reg_bit[2] ; lpm_counter0:inst|lpm_counter:LPM_COUNTER_component|cntr_76i:auto_generated|counter_reg_bit[5] ; clk          ; clk         ; 0.000        ; 0.038      ; 1.060      ;
; 0.879 ; lpm_counter0:inst|lpm_counter:LPM_COUNTER_component|cntr_76i:auto_generated|counter_reg_bit[4] ; lpm_counter0:inst|lpm_counter:LPM_COUNTER_component|cntr_76i:auto_generated|counter_reg_bit[7] ; clk          ; clk         ; 0.000        ; 0.038      ; 1.061      ;
; 0.883 ; lpm_counter0:inst|lpm_counter:LPM_COUNTER_component|cntr_76i:auto_generated|counter_reg_bit[0] ; lpm_counter0:inst|lpm_counter:LPM_COUNTER_component|cntr_76i:auto_generated|counter_reg_bit[4] ; clk          ; clk         ; 0.000        ; 0.038      ; 1.065      ;
; 0.885 ; lpm_counter0:inst|lpm_counter:LPM_COUNTER_component|cntr_76i:auto_generated|counter_reg_bit[2] ; lpm_counter0:inst|lpm_counter:LPM_COUNTER_component|cntr_76i:auto_generated|counter_reg_bit[6] ; clk          ; clk         ; 0.000        ; 0.038      ; 1.067      ;
; 0.957 ; lpm_counter0:inst|lpm_counter:LPM_COUNTER_component|cntr_76i:auto_generated|counter_reg_bit[3] ; lpm_counter0:inst|lpm_counter:LPM_COUNTER_component|cntr_76i:auto_generated|counter_reg_bit[7] ; clk          ; clk         ; 0.000        ; 0.038      ; 1.139      ;
; 0.960 ; lpm_counter0:inst|lpm_counter:LPM_COUNTER_component|cntr_76i:auto_generated|counter_reg_bit[1] ; lpm_counter0:inst|lpm_counter:LPM_COUNTER_component|cntr_76i:auto_generated|counter_reg_bit[5] ; clk          ; clk         ; 0.000        ; 0.038      ; 1.142      ;
; 0.967 ; lpm_counter0:inst|lpm_counter:LPM_COUNTER_component|cntr_76i:auto_generated|counter_reg_bit[1] ; lpm_counter0:inst|lpm_counter:LPM_COUNTER_component|cntr_76i:auto_generated|counter_reg_bit[6] ; clk          ; clk         ; 0.000        ; 0.038      ; 1.149      ;
; 0.972 ; lpm_counter0:inst|lpm_counter:LPM_COUNTER_component|cntr_76i:auto_generated|counter_reg_bit[0] ; lpm_counter0:inst|lpm_counter:LPM_COUNTER_component|cntr_76i:auto_generated|counter_reg_bit[5] ; clk          ; clk         ; 0.000        ; 0.038      ; 1.154      ;
; 0.974 ; lpm_counter0:inst|lpm_counter:LPM_COUNTER_component|cntr_76i:auto_generated|counter_reg_bit[2] ; lpm_counter0:inst|lpm_counter:LPM_COUNTER_component|cntr_76i:auto_generated|counter_reg_bit[7] ; clk          ; clk         ; 0.000        ; 0.038      ; 1.156      ;
; 0.979 ; lpm_counter0:inst|lpm_counter:LPM_COUNTER_component|cntr_76i:auto_generated|counter_reg_bit[0] ; lpm_counter0:inst|lpm_counter:LPM_COUNTER_component|cntr_76i:auto_generated|counter_reg_bit[6] ; clk          ; clk         ; 0.000        ; 0.038      ; 1.161      ;
; 1.056 ; lpm_counter0:inst|lpm_counter:LPM_COUNTER_component|cntr_76i:auto_generated|counter_reg_bit[1] ; lpm_counter0:inst|lpm_counter:LPM_COUNTER_component|cntr_76i:auto_generated|counter_reg_bit[7] ; clk          ; clk         ; 0.000        ; 0.038      ; 1.238      ;
; 1.068 ; lpm_counter0:inst|lpm_counter:LPM_COUNTER_component|cntr_76i:auto_generated|counter_reg_bit[0] ; lpm_counter0:inst|lpm_counter:LPM_COUNTER_component|cntr_76i:auto_generated|counter_reg_bit[7] ; clk          ; clk         ; 0.000        ; 0.038      ; 1.250      ;
+-------+------------------------------------------------------------------------------------------------+------------------------------------------------------------------------------------------------+--------------+-------------+--------------+------------+------------+


+---------------------------------------------------------------------------------------------------------------------------------------------------------------------------------+
; Slow 1200mV 0C Model Minimum Pulse Width: 'clk'                                                                                                                                 ;
+--------+--------------+----------------+------------------+-------+------------+------------------------------------------------------------------------------------------------+
; Slack  ; Actual Width ; Required Width ; Type             ; Clock ; Clock Edge ; Target                                                                                         ;
+--------+--------------+----------------+------------------+-------+------------+------------------------------------------------------------------------------------------------+
; -3.000 ; 1.000        ; 4.000          ; Port Rate        ; clk   ; Rise       ; clk                                                                                            ;
; -1.000 ; 1.000        ; 2.000          ; Min Period       ; clk   ; Rise       ; lpm_counter0:inst|lpm_counter:LPM_COUNTER_component|cntr_76i:auto_generated|counter_reg_bit[0] ;
; -1.000 ; 1.000        ; 2.000          ; Min Period       ; clk   ; Rise       ; lpm_counter0:inst|lpm_counter:LPM_COUNTER_component|cntr_76i:auto_generated|counter_reg_bit[1] ;
; -1.000 ; 1.000        ; 2.000          ; Min Period       ; clk   ; Rise       ; lpm_counter0:inst|lpm_counter:LPM_COUNTER_component|cntr_76i:auto_generated|counter_reg_bit[2] ;
; -1.000 ; 1.000        ; 2.000          ; Min Period       ; clk   ; Rise       ; lpm_counter0:inst|lpm_counter:LPM_COUNTER_component|cntr_76i:auto_generated|counter_reg_bit[3] ;
; -1.000 ; 1.000        ; 2.000          ; Min Period       ; clk   ; Rise       ; lpm_counter0:inst|lpm_counter:LPM_COUNTER_component|cntr_76i:auto_generated|counter_reg_bit[4] ;
; -1.000 ; 1.000        ; 2.000          ; Min Period       ; clk   ; Rise       ; lpm_counter0:inst|lpm_counter:LPM_COUNTER_component|cntr_76i:auto_generated|counter_reg_bit[5] ;
; -1.000 ; 1.000        ; 2.000          ; Min Period       ; clk   ; Rise       ; lpm_counter0:inst|lpm_counter:LPM_COUNTER_component|cntr_76i:auto_generated|counter_reg_bit[6] ;
; -1.000 ; 1.000        ; 2.000          ; Min Period       ; clk   ; Rise       ; lpm_counter0:inst|lpm_counter:LPM_COUNTER_component|cntr_76i:auto_generated|counter_reg_bit[7] ;
; 0.209  ; 0.393        ; 0.184          ; Low Pulse Width  ; clk   ; Rise       ; lpm_counter0:inst|lpm_counter:LPM_COUNTER_component|cntr_76i:auto_generated|counter_reg_bit[0] ;
; 0.209  ; 0.393        ; 0.184          ; Low Pulse Width  ; clk   ; Rise       ; lpm_counter0:inst|lpm_counter:LPM_COUNTER_component|cntr_76i:auto_generated|counter_reg_bit[1] ;
; 0.209  ; 0.393        ; 0.184          ; Low Pulse Width  ; clk   ; Rise       ; lpm_counter0:inst|lpm_counter:LPM_COUNTER_component|cntr_76i:auto_generated|counter_reg_bit[2] ;
; 0.209  ; 0.393        ; 0.184          ; Low Pulse Width  ; clk   ; Rise       ; lpm_counter0:inst|lpm_counter:LPM_COUNTER_component|cntr_76i:auto_generated|counter_reg_bit[3] ;
; 0.209  ; 0.393        ; 0.184          ; Low Pulse Width  ; clk   ; Rise       ; lpm_counter0:inst|lpm_counter:LPM_COUNTER_component|cntr_76i:auto_generated|counter_reg_bit[4] ;
; 0.209  ; 0.393        ; 0.184          ; Low Pulse Width  ; clk   ; Rise       ; lpm_counter0:inst|lpm_counter:LPM_COUNTER_component|cntr_76i:auto_generated|counter_reg_bit[5] ;
; 0.209  ; 0.393        ; 0.184          ; Low Pulse Width  ; clk   ; Rise       ; lpm_counter0:inst|lpm_counter:LPM_COUNTER_component|cntr_76i:auto_generated|counter_reg_bit[6] ;
; 0.209  ; 0.393        ; 0.184          ; Low Pulse Width  ; clk   ; Rise       ; lpm_counter0:inst|lpm_counter:LPM_COUNTER_component|cntr_76i:auto_generated|counter_reg_bit[7] ;
; 0.339  ; 0.339        ; 0.000          ; Low Pulse Width  ; clk   ; Rise       ; clk~input|o                                                                                    ;
; 0.369  ; 0.369        ; 0.000          ; Low Pulse Width  ; clk   ; Rise       ; inst|LPM_COUNTER_component|auto_generated|counter_reg_bit[0]|clk                               ;
; 0.369  ; 0.369        ; 0.000          ; Low Pulse Width  ; clk   ; Rise       ; inst|LPM_COUNTER_component|auto_generated|counter_reg_bit[1]|clk                               ;
; 0.369  ; 0.369        ; 0.000          ; Low Pulse Width  ; clk   ; Rise       ; inst|LPM_COUNTER_component|auto_generated|counter_reg_bit[2]|clk                               ;
; 0.369  ; 0.369        ; 0.000          ; Low Pulse Width  ; clk   ; Rise       ; inst|LPM_COUNTER_component|auto_generated|counter_reg_bit[3]|clk                               ;
; 0.369  ; 0.369        ; 0.000          ; Low Pulse Width  ; clk   ; Rise       ; inst|LPM_COUNTER_component|auto_generated|counter_reg_bit[4]|clk                               ;
; 0.369  ; 0.369        ; 0.000          ; Low Pulse Width  ; clk   ; Rise       ; inst|LPM_COUNTER_component|auto_generated|counter_reg_bit[5]|clk                               ;
; 0.369  ; 0.369        ; 0.000          ; Low Pulse Width  ; clk   ; Rise       ; inst|LPM_COUNTER_component|auto_generated|counter_reg_bit[6]|clk                               ;
; 0.369  ; 0.369        ; 0.000          ; Low Pulse Width  ; clk   ; Rise       ; inst|LPM_COUNTER_component|auto_generated|counter_reg_bit[7]|clk                               ;
; 0.389  ; 0.605        ; 0.216          ; High Pulse Width ; clk   ; Rise       ; lpm_counter0:inst|lpm_counter:LPM_COUNTER_component|cntr_76i:auto_generated|counter_reg_bit[0] ;
; 0.389  ; 0.605        ; 0.216          ; High Pulse Width ; clk   ; Rise       ; lpm_counter0:inst|lpm_counter:LPM_COUNTER_component|cntr_76i:auto_generated|counter_reg_bit[1] ;
; 0.389  ; 0.605        ; 0.216          ; High Pulse Width ; clk   ; Rise       ; lpm_counter0:inst|lpm_counter:LPM_COUNTER_component|cntr_76i:auto_generated|counter_reg_bit[2] ;
; 0.389  ; 0.605        ; 0.216          ; High Pulse Width ; clk   ; Rise       ; lpm_counter0:inst|lpm_counter:LPM_COUNTER_component|cntr_76i:auto_generated|counter_reg_bit[3] ;
; 0.389  ; 0.605        ; 0.216          ; High Pulse Width ; clk   ; Rise       ; lpm_counter0:inst|lpm_counter:LPM_COUNTER_component|cntr_76i:auto_generated|counter_reg_bit[4] ;
; 0.389  ; 0.605        ; 0.216          ; High Pulse Width ; clk   ; Rise       ; lpm_counter0:inst|lpm_counter:LPM_COUNTER_component|cntr_76i:auto_generated|counter_reg_bit[5] ;
; 0.389  ; 0.605        ; 0.216          ; High Pulse Width ; clk   ; Rise       ; lpm_counter0:inst|lpm_counter:LPM_COUNTER_component|cntr_76i:auto_generated|counter_reg_bit[6] ;
; 0.389  ; 0.605        ; 0.216          ; High Pulse Width ; clk   ; Rise       ; lpm_counter0:inst|lpm_counter:LPM_COUNTER_component|cntr_76i:auto_generated|counter_reg_bit[7] ;
; 0.500  ; 0.500        ; 0.000          ; High Pulse Width ; clk   ; Rise       ; clk~input|i                                                                                    ;
; 0.500  ; 0.500        ; 0.000          ; Low Pulse Width  ; clk   ; Rise       ; clk~input|i                                                                                    ;
; 0.629  ; 0.629        ; 0.000          ; High Pulse Width ; clk   ; Rise       ; inst|LPM_COUNTER_component|auto_generated|counter_reg_bit[0]|clk                               ;
; 0.629  ; 0.629        ; 0.000          ; High Pulse Width ; clk   ; Rise       ; inst|LPM_COUNTER_component|auto_generated|counter_reg_bit[1]|clk                               ;
; 0.629  ; 0.629        ; 0.000          ; High Pulse Width ; clk   ; Rise       ; inst|LPM_COUNTER_component|auto_generated|counter_reg_bit[2]|clk                               ;
; 0.629  ; 0.629        ; 0.000          ; High Pulse Width ; clk   ; Rise       ; inst|LPM_COUNTER_component|auto_generated|counter_reg_bit[3]|clk                               ;
; 0.629  ; 0.629        ; 0.000          ; High Pulse Width ; clk   ; Rise       ; inst|LPM_COUNTER_component|auto_generated|counter_reg_bit[4]|clk                               ;
; 0.629  ; 0.629        ; 0.000          ; High Pulse Width ; clk   ; Rise       ; inst|LPM_COUNTER_component|auto_generated|counter_reg_bit[5]|clk                               ;
; 0.629  ; 0.629        ; 0.000          ; High Pulse Width ; clk   ; Rise       ; inst|LPM_COUNTER_component|auto_generated|counter_reg_bit[6]|clk                               ;
; 0.629  ; 0.629        ; 0.000          ; High Pulse Width ; clk   ; Rise       ; inst|LPM_COUNTER_component|auto_generated|counter_reg_bit[7]|clk                               ;
; 0.661  ; 0.661        ; 0.000          ; High Pulse Width ; clk   ; Rise       ; clk~input|o                                                                                    ;
+--------+--------------+----------------+------------------+-------+------------+------------------------------------------------------------------------------------------------+


+------------------------------------------------------------------------+
; Clock to Output Times                                                  ;
+------------+------------+-------+-------+------------+-----------------+
; Data Port  ; Clock Port ; Rise  ; Fall  ; Clock Edge ; Clock Reference ;
+------------+------------+-------+-------+------------+-----------------+
; HEX0_D[*]  ; clk        ; 6.913 ; 6.793 ; Rise       ; clk             ;
;  HEX0_D[0] ; clk        ; 6.676 ; 6.569 ; Rise       ; clk             ;
;  HEX0_D[1] ; clk        ; 6.668 ; 6.562 ; Rise       ; clk             ;
;  HEX0_D[2] ; clk        ; 6.678 ; 6.604 ; Rise       ; clk             ;
;  HEX0_D[3] ; clk        ; 6.913 ; 6.793 ; Rise       ; clk             ;
;  HEX0_D[4] ; clk        ; 6.721 ; 6.581 ; Rise       ; clk             ;
;  HEX0_D[5] ; clk        ; 6.750 ; 6.638 ; Rise       ; clk             ;
;  HEX0_D[6] ; clk        ; 6.618 ; 6.688 ; Rise       ; clk             ;
; HEX1_D[*]  ; clk        ; 7.078 ; 6.990 ; Rise       ; clk             ;
;  HEX1_D[0] ; clk        ; 6.710 ; 6.614 ; Rise       ; clk             ;
;  HEX1_D[1] ; clk        ; 6.667 ; 6.612 ; Rise       ; clk             ;
;  HEX1_D[2] ; clk        ; 6.848 ; 6.810 ; Rise       ; clk             ;
;  HEX1_D[3] ; clk        ; 6.701 ; 6.570 ; Rise       ; clk             ;
;  HEX1_D[4] ; clk        ; 6.729 ; 6.600 ; Rise       ; clk             ;
;  HEX1_D[5] ; clk        ; 7.078 ; 6.990 ; Rise       ; clk             ;
;  HEX1_D[6] ; clk        ; 6.871 ; 6.924 ; Rise       ; clk             ;
+------------+------------+-------+-------+------------+-----------------+


+------------------------------------------------------------------------+
; Minimum Clock to Output Times                                          ;
+------------+------------+-------+-------+------------+-----------------+
; Data Port  ; Clock Port ; Rise  ; Fall  ; Clock Edge ; Clock Reference ;
+------------+------------+-------+-------+------------+-----------------+
; HEX0_D[*]  ; clk        ; 6.131 ; 6.025 ; Rise       ; clk             ;
;  HEX0_D[0] ; clk        ; 6.143 ; 6.037 ; Rise       ; clk             ;
;  HEX0_D[1] ; clk        ; 6.131 ; 6.025 ; Rise       ; clk             ;
;  HEX0_D[2] ; clk        ; 6.161 ; 6.062 ; Rise       ; clk             ;
;  HEX0_D[3] ; clk        ; 6.422 ; 6.248 ; Rise       ; clk             ;
;  HEX0_D[4] ; clk        ; 6.231 ; 6.077 ; Rise       ; clk             ;
;  HEX0_D[5] ; clk        ; 6.211 ; 6.101 ; Rise       ; clk             ;
;  HEX0_D[6] ; clk        ; 6.161 ; 6.183 ; Rise       ; clk             ;
; HEX1_D[*]  ; clk        ; 5.954 ; 5.891 ; Rise       ; clk             ;
;  HEX1_D[0] ; clk        ; 5.999 ; 5.907 ; Rise       ; clk             ;
;  HEX1_D[1] ; clk        ; 5.963 ; 5.902 ; Rise       ; clk             ;
;  HEX1_D[2] ; clk        ; 6.261 ; 6.093 ; Rise       ; clk             ;
;  HEX1_D[3] ; clk        ; 5.954 ; 5.891 ; Rise       ; clk             ;
;  HEX1_D[4] ; clk        ; 5.993 ; 6.013 ; Rise       ; clk             ;
;  HEX1_D[5] ; clk        ; 6.355 ; 6.318 ; Rise       ; clk             ;
;  HEX1_D[6] ; clk        ; 6.144 ; 6.335 ; Rise       ; clk             ;
+------------+------------+-------+-------+------------+-----------------+


---------------------------------------------
; Slow 1200mV 0C Model Metastability Report ;
---------------------------------------------
No synchronizer chains to report.


+------------------------------------+
; Fast 1200mV 0C Model Setup Summary ;
+-------+-------+--------------------+
; Clock ; Slack ; End Point TNS      ;
+-------+-------+--------------------+
; clk   ; 0.008 ; 0.000              ;
+-------+-------+--------------------+


+-----------------------------------+
; Fast 1200mV 0C Model Hold Summary ;
+-------+-------+-------------------+
; Clock ; Slack ; End Point TNS     ;
+-------+-------+-------------------+
; clk   ; 0.319 ; 0.000             ;
+-------+-------+-------------------+


-----------------------------------------
; Fast 1200mV 0C Model Recovery Summary ;
-----------------------------------------
No paths to report.


----------------------------------------
; Fast 1200mV 0C Model Removal Summary ;
----------------------------------------
No paths to report.


+--------------------------------------------------+
; Fast 1200mV 0C Model Minimum Pulse Width Summary ;
+-------+--------+---------------------------------+
; Clock ; Slack  ; End Point TNS                   ;
+-------+--------+---------------------------------+
; clk   ; -3.000 ; -11.640                         ;
+-------+--------+---------------------------------+


+-------------------------------------------------------------------------------------------------------------------------------------------------------------------------------------------------------------------------------------------------------------------------------+
; Fast 1200mV 0C Model Setup: 'clk'                                                                                                                                                                                                                                             ;
+-------+------------------------------------------------------------------------------------------------+------------------------------------------------------------------------------------------------+--------------+-------------+--------------+------------+------------+
; Slack ; From Node                                                                                      ; To Node                                                                                        ; Launch Clock ; Latch Clock ; Relationship ; Clock Skew ; Data Delay ;
+-------+------------------------------------------------------------------------------------------------+------------------------------------------------------------------------------------------------+--------------+-------------+--------------+------------+------------+
; 0.008 ; lpm_counter0:inst|lpm_counter:LPM_COUNTER_component|cntr_76i:auto_generated|counter_reg_bit[1] ; lpm_counter0:inst|lpm_counter:LPM_COUNTER_component|cntr_76i:auto_generated|counter_reg_bit[7] ; clk          ; clk         ; 1.000        ; -0.024     ; 0.975      ;
; 0.012 ; lpm_counter0:inst|lpm_counter:LPM_COUNTER_component|cntr_76i:auto_generated|counter_reg_bit[1] ; lpm_counter0:inst|lpm_counter:LPM_COUNTER_component|cntr_76i:auto_generated|counter_reg_bit[6] ; clk          ; clk         ; 1.000        ; -0.024     ; 0.971      ;
; 0.022 ; lpm_counter0:inst|lpm_counter:LPM_COUNTER_component|cntr_76i:auto_generated|counter_reg_bit[0] ; lpm_counter0:inst|lpm_counter:LPM_COUNTER_component|cntr_76i:auto_generated|counter_reg_bit[7] ; clk          ; clk         ; 1.000        ; -0.024     ; 0.961      ;
; 0.060 ; lpm_counter0:inst|lpm_counter:LPM_COUNTER_component|cntr_76i:auto_generated|counter_reg_bit[0] ; lpm_counter0:inst|lpm_counter:LPM_COUNTER_component|cntr_76i:auto_generated|counter_reg_bit[6] ; clk          ; clk         ; 1.000        ; -0.024     ; 0.923      ;
; 0.076 ; lpm_counter0:inst|lpm_counter:LPM_COUNTER_component|cntr_76i:auto_generated|counter_reg_bit[1] ; lpm_counter0:inst|lpm_counter:LPM_COUNTER_component|cntr_76i:auto_generated|counter_reg_bit[5] ; clk          ; clk         ; 1.000        ; -0.024     ; 0.907      ;
; 0.079 ; lpm_counter0:inst|lpm_counter:LPM_COUNTER_component|cntr_76i:auto_generated|counter_reg_bit[3] ; lpm_counter0:inst|lpm_counter:LPM_COUNTER_component|cntr_76i:auto_generated|counter_reg_bit[7] ; clk          ; clk         ; 1.000        ; -0.024     ; 0.904      ;
; 0.080 ; lpm_counter0:inst|lpm_counter:LPM_COUNTER_component|cntr_76i:auto_generated|counter_reg_bit[1] ; lpm_counter0:inst|lpm_counter:LPM_COUNTER_component|cntr_76i:auto_generated|counter_reg_bit[4] ; clk          ; clk         ; 1.000        ; -0.024     ; 0.903      ;
; 0.083 ; lpm_counter0:inst|lpm_counter:LPM_COUNTER_component|cntr_76i:auto_generated|counter_reg_bit[3] ; lpm_counter0:inst|lpm_counter:LPM_COUNTER_component|cntr_76i:auto_generated|counter_reg_bit[6] ; clk          ; clk         ; 1.000        ; -0.024     ; 0.900      ;
; 0.089 ; lpm_counter0:inst|lpm_counter:LPM_COUNTER_component|cntr_76i:auto_generated|counter_reg_bit[2] ; lpm_counter0:inst|lpm_counter:LPM_COUNTER_component|cntr_76i:auto_generated|counter_reg_bit[7] ; clk          ; clk         ; 1.000        ; -0.024     ; 0.894      ;
; 0.090 ; lpm_counter0:inst|lpm_counter:LPM_COUNTER_component|cntr_76i:auto_generated|counter_reg_bit[0] ; lpm_counter0:inst|lpm_counter:LPM_COUNTER_component|cntr_76i:auto_generated|counter_reg_bit[5] ; clk          ; clk         ; 1.000        ; -0.024     ; 0.893      ;
; 0.127 ; lpm_counter0:inst|lpm_counter:LPM_COUNTER_component|cntr_76i:auto_generated|counter_reg_bit[2] ; lpm_counter0:inst|lpm_counter:LPM_COUNTER_component|cntr_76i:auto_generated|counter_reg_bit[6] ; clk          ; clk         ; 1.000        ; -0.024     ; 0.856      ;
; 0.128 ; lpm_counter0:inst|lpm_counter:LPM_COUNTER_component|cntr_76i:auto_generated|counter_reg_bit[0] ; lpm_counter0:inst|lpm_counter:LPM_COUNTER_component|cntr_76i:auto_generated|counter_reg_bit[4] ; clk          ; clk         ; 1.000        ; -0.024     ; 0.855      ;
; 0.144 ; lpm_counter0:inst|lpm_counter:LPM_COUNTER_component|cntr_76i:auto_generated|counter_reg_bit[1] ; lpm_counter0:inst|lpm_counter:LPM_COUNTER_component|cntr_76i:auto_generated|counter_reg_bit[3] ; clk          ; clk         ; 1.000        ; -0.024     ; 0.839      ;
; 0.146 ; lpm_counter0:inst|lpm_counter:LPM_COUNTER_component|cntr_76i:auto_generated|counter_reg_bit[5] ; lpm_counter0:inst|lpm_counter:LPM_COUNTER_component|cntr_76i:auto_generated|counter_reg_bit[7] ; clk          ; clk         ; 1.000        ; -0.024     ; 0.837      ;
; 0.147 ; lpm_counter0:inst|lpm_counter:LPM_COUNTER_component|cntr_76i:auto_generated|counter_reg_bit[3] ; lpm_counter0:inst|lpm_counter:LPM_COUNTER_component|cntr_76i:auto_generated|counter_reg_bit[5] ; clk          ; clk         ; 1.000        ; -0.024     ; 0.836      ;
; 0.148 ; lpm_counter0:inst|lpm_counter:LPM_COUNTER_component|cntr_76i:auto_generated|counter_reg_bit[1] ; lpm_counter0:inst|lpm_counter:LPM_COUNTER_component|cntr_76i:auto_generated|counter_reg_bit[2] ; clk          ; clk         ; 1.000        ; -0.024     ; 0.835      ;
; 0.150 ; lpm_counter0:inst|lpm_counter:LPM_COUNTER_component|cntr_76i:auto_generated|counter_reg_bit[5] ; lpm_counter0:inst|lpm_counter:LPM_COUNTER_component|cntr_76i:auto_generated|counter_reg_bit[6] ; clk          ; clk         ; 1.000        ; -0.024     ; 0.833      ;
; 0.151 ; lpm_counter0:inst|lpm_counter:LPM_COUNTER_component|cntr_76i:auto_generated|counter_reg_bit[3] ; lpm_counter0:inst|lpm_counter:LPM_COUNTER_component|cntr_76i:auto_generated|counter_reg_bit[4] ; clk          ; clk         ; 1.000        ; -0.024     ; 0.832      ;
; 0.156 ; lpm_counter0:inst|lpm_counter:LPM_COUNTER_component|cntr_76i:auto_generated|counter_reg_bit[4] ; lpm_counter0:inst|lpm_counter:LPM_COUNTER_component|cntr_76i:auto_generated|counter_reg_bit[7] ; clk          ; clk         ; 1.000        ; -0.024     ; 0.827      ;
; 0.157 ; lpm_counter0:inst|lpm_counter:LPM_COUNTER_component|cntr_76i:auto_generated|counter_reg_bit[2] ; lpm_counter0:inst|lpm_counter:LPM_COUNTER_component|cntr_76i:auto_generated|counter_reg_bit[5] ; clk          ; clk         ; 1.000        ; -0.024     ; 0.826      ;
; 0.158 ; lpm_counter0:inst|lpm_counter:LPM_COUNTER_component|cntr_76i:auto_generated|counter_reg_bit[0] ; lpm_counter0:inst|lpm_counter:LPM_COUNTER_component|cntr_76i:auto_generated|counter_reg_bit[3] ; clk          ; clk         ; 1.000        ; -0.024     ; 0.825      ;
; 0.195 ; lpm_counter0:inst|lpm_counter:LPM_COUNTER_component|cntr_76i:auto_generated|counter_reg_bit[2] ; lpm_counter0:inst|lpm_counter:LPM_COUNTER_component|cntr_76i:auto_generated|counter_reg_bit[4] ; clk          ; clk         ; 1.000        ; -0.024     ; 0.788      ;
; 0.195 ; lpm_counter0:inst|lpm_counter:LPM_COUNTER_component|cntr_76i:auto_generated|counter_reg_bit[4] ; lpm_counter0:inst|lpm_counter:LPM_COUNTER_component|cntr_76i:auto_generated|counter_reg_bit[6] ; clk          ; clk         ; 1.000        ; -0.024     ; 0.788      ;
; 0.196 ; lpm_counter0:inst|lpm_counter:LPM_COUNTER_component|cntr_76i:auto_generated|counter_reg_bit[0] ; lpm_counter0:inst|lpm_counter:LPM_COUNTER_component|cntr_76i:auto_generated|counter_reg_bit[2] ; clk          ; clk         ; 1.000        ; -0.024     ; 0.787      ;
; 0.224 ; lpm_counter0:inst|lpm_counter:LPM_COUNTER_component|cntr_76i:auto_generated|counter_reg_bit[4] ; lpm_counter0:inst|lpm_counter:LPM_COUNTER_component|cntr_76i:auto_generated|counter_reg_bit[5] ; clk          ; clk         ; 1.000        ; -0.024     ; 0.759      ;
; 0.225 ; lpm_counter0:inst|lpm_counter:LPM_COUNTER_component|cntr_76i:auto_generated|counter_reg_bit[2] ; lpm_counter0:inst|lpm_counter:LPM_COUNTER_component|cntr_76i:auto_generated|counter_reg_bit[3] ; clk          ; clk         ; 1.000        ; -0.024     ; 0.758      ;
; 0.225 ; lpm_counter0:inst|lpm_counter:LPM_COUNTER_component|cntr_76i:auto_generated|counter_reg_bit[6] ; lpm_counter0:inst|lpm_counter:LPM_COUNTER_component|cntr_76i:auto_generated|counter_reg_bit[7] ; clk          ; clk         ; 1.000        ; -0.024     ; 0.758      ;
; 0.226 ; lpm_counter0:inst|lpm_counter:LPM_COUNTER_component|cntr_76i:auto_generated|counter_reg_bit[0] ; lpm_counter0:inst|lpm_counter:LPM_COUNTER_component|cntr_76i:auto_generated|counter_reg_bit[1] ; clk          ; clk         ; 1.000        ; -0.024     ; 0.757      ;
; 0.432 ; lpm_counter0:inst|lpm_counter:LPM_COUNTER_component|cntr_76i:auto_generated|counter_reg_bit[6] ; lpm_counter0:inst|lpm_counter:LPM_COUNTER_component|cntr_76i:auto_generated|counter_reg_bit[6] ; clk          ; clk         ; 1.000        ; -0.022     ; 0.553      ;
; 0.433 ; lpm_counter0:inst|lpm_counter:LPM_COUNTER_component|cntr_76i:auto_generated|counter_reg_bit[2] ; lpm_counter0:inst|lpm_counter:LPM_COUNTER_component|cntr_76i:auto_generated|counter_reg_bit[2] ; clk          ; clk         ; 1.000        ; -0.022     ; 0.552      ;
; 0.433 ; lpm_counter0:inst|lpm_counter:LPM_COUNTER_component|cntr_76i:auto_generated|counter_reg_bit[4] ; lpm_counter0:inst|lpm_counter:LPM_COUNTER_component|cntr_76i:auto_generated|counter_reg_bit[4] ; clk          ; clk         ; 1.000        ; -0.022     ; 0.552      ;
; 0.433 ; lpm_counter0:inst|lpm_counter:LPM_COUNTER_component|cntr_76i:auto_generated|counter_reg_bit[7] ; lpm_counter0:inst|lpm_counter:LPM_COUNTER_component|cntr_76i:auto_generated|counter_reg_bit[7] ; clk          ; clk         ; 1.000        ; -0.022     ; 0.552      ;
; 0.434 ; lpm_counter0:inst|lpm_counter:LPM_COUNTER_component|cntr_76i:auto_generated|counter_reg_bit[0] ; lpm_counter0:inst|lpm_counter:LPM_COUNTER_component|cntr_76i:auto_generated|counter_reg_bit[0] ; clk          ; clk         ; 1.000        ; -0.022     ; 0.551      ;
; 0.443 ; lpm_counter0:inst|lpm_counter:LPM_COUNTER_component|cntr_76i:auto_generated|counter_reg_bit[1] ; lpm_counter0:inst|lpm_counter:LPM_COUNTER_component|cntr_76i:auto_generated|counter_reg_bit[1] ; clk          ; clk         ; 1.000        ; -0.022     ; 0.542      ;
; 0.444 ; lpm_counter0:inst|lpm_counter:LPM_COUNTER_component|cntr_76i:auto_generated|counter_reg_bit[5] ; lpm_counter0:inst|lpm_counter:LPM_COUNTER_component|cntr_76i:auto_generated|counter_reg_bit[5] ; clk          ; clk         ; 1.000        ; -0.022     ; 0.541      ;
; 0.445 ; lpm_counter0:inst|lpm_counter:LPM_COUNTER_component|cntr_76i:auto_generated|counter_reg_bit[3] ; lpm_counter0:inst|lpm_counter:LPM_COUNTER_component|cntr_76i:auto_generated|counter_reg_bit[3] ; clk          ; clk         ; 1.000        ; -0.022     ; 0.540      ;
+-------+------------------------------------------------------------------------------------------------+------------------------------------------------------------------------------------------------+--------------+-------------+--------------+------------+------------+


+-------------------------------------------------------------------------------------------------------------------------------------------------------------------------------------------------------------------------------------------------------------------------------+
; Fast 1200mV 0C Model Hold: 'clk'                                                                                                                                                                                                                                              ;
+-------+------------------------------------------------------------------------------------------------+------------------------------------------------------------------------------------------------+--------------+-------------+--------------+------------+------------+
; Slack ; From Node                                                                                      ; To Node                                                                                        ; Launch Clock ; Latch Clock ; Relationship ; Clock Skew ; Data Delay ;
+-------+------------------------------------------------------------------------------------------------+------------------------------------------------------------------------------------------------+--------------+-------------+--------------+------------+------------+
; 0.319 ; lpm_counter0:inst|lpm_counter:LPM_COUNTER_component|cntr_76i:auto_generated|counter_reg_bit[1] ; lpm_counter0:inst|lpm_counter:LPM_COUNTER_component|cntr_76i:auto_generated|counter_reg_bit[1] ; clk          ; clk         ; 0.000        ; 0.022      ; 0.425      ;
; 0.319 ; lpm_counter0:inst|lpm_counter:LPM_COUNTER_component|cntr_76i:auto_generated|counter_reg_bit[3] ; lpm_counter0:inst|lpm_counter:LPM_COUNTER_component|cntr_76i:auto_generated|counter_reg_bit[3] ; clk          ; clk         ; 0.000        ; 0.022      ; 0.425      ;
; 0.319 ; lpm_counter0:inst|lpm_counter:LPM_COUNTER_component|cntr_76i:auto_generated|counter_reg_bit[5] ; lpm_counter0:inst|lpm_counter:LPM_COUNTER_component|cntr_76i:auto_generated|counter_reg_bit[5] ; clk          ; clk         ; 0.000        ; 0.022      ; 0.425      ;
; 0.320 ; lpm_counter0:inst|lpm_counter:LPM_COUNTER_component|cntr_76i:auto_generated|counter_reg_bit[6] ; lpm_counter0:inst|lpm_counter:LPM_COUNTER_component|cntr_76i:auto_generated|counter_reg_bit[6] ; clk          ; clk         ; 0.000        ; 0.022      ; 0.426      ;
; 0.320 ; lpm_counter0:inst|lpm_counter:LPM_COUNTER_component|cntr_76i:auto_generated|counter_reg_bit[7] ; lpm_counter0:inst|lpm_counter:LPM_COUNTER_component|cntr_76i:auto_generated|counter_reg_bit[7] ; clk          ; clk         ; 0.000        ; 0.022      ; 0.426      ;
; 0.321 ; lpm_counter0:inst|lpm_counter:LPM_COUNTER_component|cntr_76i:auto_generated|counter_reg_bit[2] ; lpm_counter0:inst|lpm_counter:LPM_COUNTER_component|cntr_76i:auto_generated|counter_reg_bit[2] ; clk          ; clk         ; 0.000        ; 0.022      ; 0.427      ;
; 0.322 ; lpm_counter0:inst|lpm_counter:LPM_COUNTER_component|cntr_76i:auto_generated|counter_reg_bit[4] ; lpm_counter0:inst|lpm_counter:LPM_COUNTER_component|cntr_76i:auto_generated|counter_reg_bit[4] ; clk          ; clk         ; 0.000        ; 0.022      ; 0.428      ;
; 0.331 ; lpm_counter0:inst|lpm_counter:LPM_COUNTER_component|cntr_76i:auto_generated|counter_reg_bit[0] ; lpm_counter0:inst|lpm_counter:LPM_COUNTER_component|cntr_76i:auto_generated|counter_reg_bit[0] ; clk          ; clk         ; 0.000        ; 0.022      ; 0.437      ;
; 0.466 ; lpm_counter0:inst|lpm_counter:LPM_COUNTER_component|cntr_76i:auto_generated|counter_reg_bit[1] ; lpm_counter0:inst|lpm_counter:LPM_COUNTER_component|cntr_76i:auto_generated|counter_reg_bit[2] ; clk          ; clk         ; 0.000        ; 0.024      ; 0.574      ;
; 0.466 ; lpm_counter0:inst|lpm_counter:LPM_COUNTER_component|cntr_76i:auto_generated|counter_reg_bit[3] ; lpm_counter0:inst|lpm_counter:LPM_COUNTER_component|cntr_76i:auto_generated|counter_reg_bit[4] ; clk          ; clk         ; 0.000        ; 0.024      ; 0.574      ;
; 0.466 ; lpm_counter0:inst|lpm_counter:LPM_COUNTER_component|cntr_76i:auto_generated|counter_reg_bit[5] ; lpm_counter0:inst|lpm_counter:LPM_COUNTER_component|cntr_76i:auto_generated|counter_reg_bit[6] ; clk          ; clk         ; 0.000        ; 0.024      ; 0.574      ;
; 0.476 ; lpm_counter0:inst|lpm_counter:LPM_COUNTER_component|cntr_76i:auto_generated|counter_reg_bit[0] ; lpm_counter0:inst|lpm_counter:LPM_COUNTER_component|cntr_76i:auto_generated|counter_reg_bit[1] ; clk          ; clk         ; 0.000        ; 0.024      ; 0.584      ;
; 0.476 ; lpm_counter0:inst|lpm_counter:LPM_COUNTER_component|cntr_76i:auto_generated|counter_reg_bit[6] ; lpm_counter0:inst|lpm_counter:LPM_COUNTER_component|cntr_76i:auto_generated|counter_reg_bit[7] ; clk          ; clk         ; 0.000        ; 0.024      ; 0.584      ;
; 0.477 ; lpm_counter0:inst|lpm_counter:LPM_COUNTER_component|cntr_76i:auto_generated|counter_reg_bit[2] ; lpm_counter0:inst|lpm_counter:LPM_COUNTER_component|cntr_76i:auto_generated|counter_reg_bit[3] ; clk          ; clk         ; 0.000        ; 0.024      ; 0.585      ;
; 0.478 ; lpm_counter0:inst|lpm_counter:LPM_COUNTER_component|cntr_76i:auto_generated|counter_reg_bit[4] ; lpm_counter0:inst|lpm_counter:LPM_COUNTER_component|cntr_76i:auto_generated|counter_reg_bit[5] ; clk          ; clk         ; 0.000        ; 0.024      ; 0.586      ;
; 0.479 ; lpm_counter0:inst|lpm_counter:LPM_COUNTER_component|cntr_76i:auto_generated|counter_reg_bit[0] ; lpm_counter0:inst|lpm_counter:LPM_COUNTER_component|cntr_76i:auto_generated|counter_reg_bit[2] ; clk          ; clk         ; 0.000        ; 0.024      ; 0.587      ;
; 0.480 ; lpm_counter0:inst|lpm_counter:LPM_COUNTER_component|cntr_76i:auto_generated|counter_reg_bit[2] ; lpm_counter0:inst|lpm_counter:LPM_COUNTER_component|cntr_76i:auto_generated|counter_reg_bit[4] ; clk          ; clk         ; 0.000        ; 0.024      ; 0.588      ;
; 0.481 ; lpm_counter0:inst|lpm_counter:LPM_COUNTER_component|cntr_76i:auto_generated|counter_reg_bit[4] ; lpm_counter0:inst|lpm_counter:LPM_COUNTER_component|cntr_76i:auto_generated|counter_reg_bit[6] ; clk          ; clk         ; 0.000        ; 0.024      ; 0.589      ;
; 0.529 ; lpm_counter0:inst|lpm_counter:LPM_COUNTER_component|cntr_76i:auto_generated|counter_reg_bit[1] ; lpm_counter0:inst|lpm_counter:LPM_COUNTER_component|cntr_76i:auto_generated|counter_reg_bit[3] ; clk          ; clk         ; 0.000        ; 0.024      ; 0.637      ;
; 0.529 ; lpm_counter0:inst|lpm_counter:LPM_COUNTER_component|cntr_76i:auto_generated|counter_reg_bit[3] ; lpm_counter0:inst|lpm_counter:LPM_COUNTER_component|cntr_76i:auto_generated|counter_reg_bit[5] ; clk          ; clk         ; 0.000        ; 0.024      ; 0.637      ;
; 0.529 ; lpm_counter0:inst|lpm_counter:LPM_COUNTER_component|cntr_76i:auto_generated|counter_reg_bit[5] ; lpm_counter0:inst|lpm_counter:LPM_COUNTER_component|cntr_76i:auto_generated|counter_reg_bit[7] ; clk          ; clk         ; 0.000        ; 0.024      ; 0.637      ;
; 0.532 ; lpm_counter0:inst|lpm_counter:LPM_COUNTER_component|cntr_76i:auto_generated|counter_reg_bit[1] ; lpm_counter0:inst|lpm_counter:LPM_COUNTER_component|cntr_76i:auto_generated|counter_reg_bit[4] ; clk          ; clk         ; 0.000        ; 0.024      ; 0.640      ;
; 0.532 ; lpm_counter0:inst|lpm_counter:LPM_COUNTER_component|cntr_76i:auto_generated|counter_reg_bit[3] ; lpm_counter0:inst|lpm_counter:LPM_COUNTER_component|cntr_76i:auto_generated|counter_reg_bit[6] ; clk          ; clk         ; 0.000        ; 0.024      ; 0.640      ;
; 0.542 ; lpm_counter0:inst|lpm_counter:LPM_COUNTER_component|cntr_76i:auto_generated|counter_reg_bit[0] ; lpm_counter0:inst|lpm_counter:LPM_COUNTER_component|cntr_76i:auto_generated|counter_reg_bit[3] ; clk          ; clk         ; 0.000        ; 0.024      ; 0.650      ;
; 0.543 ; lpm_counter0:inst|lpm_counter:LPM_COUNTER_component|cntr_76i:auto_generated|counter_reg_bit[2] ; lpm_counter0:inst|lpm_counter:LPM_COUNTER_component|cntr_76i:auto_generated|counter_reg_bit[5] ; clk          ; clk         ; 0.000        ; 0.024      ; 0.651      ;
; 0.544 ; lpm_counter0:inst|lpm_counter:LPM_COUNTER_component|cntr_76i:auto_generated|counter_reg_bit[4] ; lpm_counter0:inst|lpm_counter:LPM_COUNTER_component|cntr_76i:auto_generated|counter_reg_bit[7] ; clk          ; clk         ; 0.000        ; 0.024      ; 0.652      ;
; 0.545 ; lpm_counter0:inst|lpm_counter:LPM_COUNTER_component|cntr_76i:auto_generated|counter_reg_bit[0] ; lpm_counter0:inst|lpm_counter:LPM_COUNTER_component|cntr_76i:auto_generated|counter_reg_bit[4] ; clk          ; clk         ; 0.000        ; 0.024      ; 0.653      ;
; 0.546 ; lpm_counter0:inst|lpm_counter:LPM_COUNTER_component|cntr_76i:auto_generated|counter_reg_bit[2] ; lpm_counter0:inst|lpm_counter:LPM_COUNTER_component|cntr_76i:auto_generated|counter_reg_bit[6] ; clk          ; clk         ; 0.000        ; 0.024      ; 0.654      ;
; 0.595 ; lpm_counter0:inst|lpm_counter:LPM_COUNTER_component|cntr_76i:auto_generated|counter_reg_bit[1] ; lpm_counter0:inst|lpm_counter:LPM_COUNTER_component|cntr_76i:auto_generated|counter_reg_bit[5] ; clk          ; clk         ; 0.000        ; 0.024      ; 0.703      ;
; 0.595 ; lpm_counter0:inst|lpm_counter:LPM_COUNTER_component|cntr_76i:auto_generated|counter_reg_bit[3] ; lpm_counter0:inst|lpm_counter:LPM_COUNTER_component|cntr_76i:auto_generated|counter_reg_bit[7] ; clk          ; clk         ; 0.000        ; 0.024      ; 0.703      ;
; 0.598 ; lpm_counter0:inst|lpm_counter:LPM_COUNTER_component|cntr_76i:auto_generated|counter_reg_bit[1] ; lpm_counter0:inst|lpm_counter:LPM_COUNTER_component|cntr_76i:auto_generated|counter_reg_bit[6] ; clk          ; clk         ; 0.000        ; 0.024      ; 0.706      ;
; 0.608 ; lpm_counter0:inst|lpm_counter:LPM_COUNTER_component|cntr_76i:auto_generated|counter_reg_bit[0] ; lpm_counter0:inst|lpm_counter:LPM_COUNTER_component|cntr_76i:auto_generated|counter_reg_bit[5] ; clk          ; clk         ; 0.000        ; 0.024      ; 0.716      ;
; 0.609 ; lpm_counter0:inst|lpm_counter:LPM_COUNTER_component|cntr_76i:auto_generated|counter_reg_bit[2] ; lpm_counter0:inst|lpm_counter:LPM_COUNTER_component|cntr_76i:auto_generated|counter_reg_bit[7] ; clk          ; clk         ; 0.000        ; 0.024      ; 0.717      ;
; 0.611 ; lpm_counter0:inst|lpm_counter:LPM_COUNTER_component|cntr_76i:auto_generated|counter_reg_bit[0] ; lpm_counter0:inst|lpm_counter:LPM_COUNTER_component|cntr_76i:auto_generated|counter_reg_bit[6] ; clk          ; clk         ; 0.000        ; 0.024      ; 0.719      ;
; 0.661 ; lpm_counter0:inst|lpm_counter:LPM_COUNTER_component|cntr_76i:auto_generated|counter_reg_bit[1] ; lpm_counter0:inst|lpm_counter:LPM_COUNTER_component|cntr_76i:auto_generated|counter_reg_bit[7] ; clk          ; clk         ; 0.000        ; 0.024      ; 0.769      ;
; 0.674 ; lpm_counter0:inst|lpm_counter:LPM_COUNTER_component|cntr_76i:auto_generated|counter_reg_bit[0] ; lpm_counter0:inst|lpm_counter:LPM_COUNTER_component|cntr_76i:auto_generated|counter_reg_bit[7] ; clk          ; clk         ; 0.000        ; 0.024      ; 0.782      ;
+-------+------------------------------------------------------------------------------------------------+------------------------------------------------------------------------------------------------+--------------+-------------+--------------+------------+------------+


+---------------------------------------------------------------------------------------------------------------------------------------------------------------------------------+
; Fast 1200mV 0C Model Minimum Pulse Width: 'clk'                                                                                                                                 ;
+--------+--------------+----------------+------------------+-------+------------+------------------------------------------------------------------------------------------------+
; Slack  ; Actual Width ; Required Width ; Type             ; Clock ; Clock Edge ; Target                                                                                         ;
+--------+--------------+----------------+------------------+-------+------------+------------------------------------------------------------------------------------------------+
; -3.000 ; 1.000        ; 4.000          ; Port Rate        ; clk   ; Rise       ; clk                                                                                            ;
; -1.000 ; 1.000        ; 2.000          ; Min Period       ; clk   ; Rise       ; lpm_counter0:inst|lpm_counter:LPM_COUNTER_component|cntr_76i:auto_generated|counter_reg_bit[0] ;
; -1.000 ; 1.000        ; 2.000          ; Min Period       ; clk   ; Rise       ; lpm_counter0:inst|lpm_counter:LPM_COUNTER_component|cntr_76i:auto_generated|counter_reg_bit[1] ;
; -1.000 ; 1.000        ; 2.000          ; Min Period       ; clk   ; Rise       ; lpm_counter0:inst|lpm_counter:LPM_COUNTER_component|cntr_76i:auto_generated|counter_reg_bit[2] ;
; -1.000 ; 1.000        ; 2.000          ; Min Period       ; clk   ; Rise       ; lpm_counter0:inst|lpm_counter:LPM_COUNTER_component|cntr_76i:auto_generated|counter_reg_bit[3] ;
; -1.000 ; 1.000        ; 2.000          ; Min Period       ; clk   ; Rise       ; lpm_counter0:inst|lpm_counter:LPM_COUNTER_component|cntr_76i:auto_generated|counter_reg_bit[4] ;
; -1.000 ; 1.000        ; 2.000          ; Min Period       ; clk   ; Rise       ; lpm_counter0:inst|lpm_counter:LPM_COUNTER_component|cntr_76i:auto_generated|counter_reg_bit[5] ;
; -1.000 ; 1.000        ; 2.000          ; Min Period       ; clk   ; Rise       ; lpm_counter0:inst|lpm_counter:LPM_COUNTER_component|cntr_76i:auto_generated|counter_reg_bit[6] ;
; -1.000 ; 1.000        ; 2.000          ; Min Period       ; clk   ; Rise       ; lpm_counter0:inst|lpm_counter:LPM_COUNTER_component|cntr_76i:auto_generated|counter_reg_bit[7] ;
; -0.080 ; 0.104        ; 0.184          ; Low Pulse Width  ; clk   ; Rise       ; lpm_counter0:inst|lpm_counter:LPM_COUNTER_component|cntr_76i:auto_generated|counter_reg_bit[0] ;
; -0.080 ; 0.104        ; 0.184          ; Low Pulse Width  ; clk   ; Rise       ; lpm_counter0:inst|lpm_counter:LPM_COUNTER_component|cntr_76i:auto_generated|counter_reg_bit[1] ;
; -0.080 ; 0.104        ; 0.184          ; Low Pulse Width  ; clk   ; Rise       ; lpm_counter0:inst|lpm_counter:LPM_COUNTER_component|cntr_76i:auto_generated|counter_reg_bit[2] ;
; -0.080 ; 0.104        ; 0.184          ; Low Pulse Width  ; clk   ; Rise       ; lpm_counter0:inst|lpm_counter:LPM_COUNTER_component|cntr_76i:auto_generated|counter_reg_bit[3] ;
; -0.080 ; 0.104        ; 0.184          ; Low Pulse Width  ; clk   ; Rise       ; lpm_counter0:inst|lpm_counter:LPM_COUNTER_component|cntr_76i:auto_generated|counter_reg_bit[4] ;
; -0.080 ; 0.104        ; 0.184          ; Low Pulse Width  ; clk   ; Rise       ; lpm_counter0:inst|lpm_counter:LPM_COUNTER_component|cntr_76i:auto_generated|counter_reg_bit[5] ;
; -0.080 ; 0.104        ; 0.184          ; Low Pulse Width  ; clk   ; Rise       ; lpm_counter0:inst|lpm_counter:LPM_COUNTER_component|cntr_76i:auto_generated|counter_reg_bit[6] ;
; -0.080 ; 0.104        ; 0.184          ; Low Pulse Width  ; clk   ; Rise       ; lpm_counter0:inst|lpm_counter:LPM_COUNTER_component|cntr_76i:auto_generated|counter_reg_bit[7] ;
; 0.099  ; 0.099        ; 0.000          ; Low Pulse Width  ; clk   ; Rise       ; inst|LPM_COUNTER_component|auto_generated|counter_reg_bit[0]|clk                               ;
; 0.099  ; 0.099        ; 0.000          ; Low Pulse Width  ; clk   ; Rise       ; inst|LPM_COUNTER_component|auto_generated|counter_reg_bit[1]|clk                               ;
; 0.099  ; 0.099        ; 0.000          ; Low Pulse Width  ; clk   ; Rise       ; inst|LPM_COUNTER_component|auto_generated|counter_reg_bit[2]|clk                               ;
; 0.099  ; 0.099        ; 0.000          ; Low Pulse Width  ; clk   ; Rise       ; inst|LPM_COUNTER_component|auto_generated|counter_reg_bit[3]|clk                               ;
; 0.099  ; 0.099        ; 0.000          ; Low Pulse Width  ; clk   ; Rise       ; inst|LPM_COUNTER_component|auto_generated|counter_reg_bit[4]|clk                               ;
; 0.099  ; 0.099        ; 0.000          ; Low Pulse Width  ; clk   ; Rise       ; inst|LPM_COUNTER_component|auto_generated|counter_reg_bit[5]|clk                               ;
; 0.099  ; 0.099        ; 0.000          ; Low Pulse Width  ; clk   ; Rise       ; inst|LPM_COUNTER_component|auto_generated|counter_reg_bit[6]|clk                               ;
; 0.099  ; 0.099        ; 0.000          ; Low Pulse Width  ; clk   ; Rise       ; inst|LPM_COUNTER_component|auto_generated|counter_reg_bit[7]|clk                               ;
; 0.118  ; 0.118        ; 0.000          ; Low Pulse Width  ; clk   ; Rise       ; clk~input|o                                                                                    ;
; 0.500  ; 0.500        ; 0.000          ; High Pulse Width ; clk   ; Rise       ; clk~input|i                                                                                    ;
; 0.500  ; 0.500        ; 0.000          ; Low Pulse Width  ; clk   ; Rise       ; clk~input|i                                                                                    ;
; 0.679  ; 0.895        ; 0.216          ; High Pulse Width ; clk   ; Rise       ; lpm_counter0:inst|lpm_counter:LPM_COUNTER_component|cntr_76i:auto_generated|counter_reg_bit[0] ;
; 0.679  ; 0.895        ; 0.216          ; High Pulse Width ; clk   ; Rise       ; lpm_counter0:inst|lpm_counter:LPM_COUNTER_component|cntr_76i:auto_generated|counter_reg_bit[1] ;
; 0.679  ; 0.895        ; 0.216          ; High Pulse Width ; clk   ; Rise       ; lpm_counter0:inst|lpm_counter:LPM_COUNTER_component|cntr_76i:auto_generated|counter_reg_bit[2] ;
; 0.679  ; 0.895        ; 0.216          ; High Pulse Width ; clk   ; Rise       ; lpm_counter0:inst|lpm_counter:LPM_COUNTER_component|cntr_76i:auto_generated|counter_reg_bit[3] ;
; 0.679  ; 0.895        ; 0.216          ; High Pulse Width ; clk   ; Rise       ; lpm_counter0:inst|lpm_counter:LPM_COUNTER_component|cntr_76i:auto_generated|counter_reg_bit[4] ;
; 0.679  ; 0.895        ; 0.216          ; High Pulse Width ; clk   ; Rise       ; lpm_counter0:inst|lpm_counter:LPM_COUNTER_component|cntr_76i:auto_generated|counter_reg_bit[5] ;
; 0.679  ; 0.895        ; 0.216          ; High Pulse Width ; clk   ; Rise       ; lpm_counter0:inst|lpm_counter:LPM_COUNTER_component|cntr_76i:auto_generated|counter_reg_bit[6] ;
; 0.679  ; 0.895        ; 0.216          ; High Pulse Width ; clk   ; Rise       ; lpm_counter0:inst|lpm_counter:LPM_COUNTER_component|cntr_76i:auto_generated|counter_reg_bit[7] ;
; 0.882  ; 0.882        ; 0.000          ; High Pulse Width ; clk   ; Rise       ; clk~input|o                                                                                    ;
; 0.900  ; 0.900        ; 0.000          ; High Pulse Width ; clk   ; Rise       ; inst|LPM_COUNTER_component|auto_generated|counter_reg_bit[0]|clk                               ;
; 0.900  ; 0.900        ; 0.000          ; High Pulse Width ; clk   ; Rise       ; inst|LPM_COUNTER_component|auto_generated|counter_reg_bit[1]|clk                               ;
; 0.900  ; 0.900        ; 0.000          ; High Pulse Width ; clk   ; Rise       ; inst|LPM_COUNTER_component|auto_generated|counter_reg_bit[2]|clk                               ;
; 0.900  ; 0.900        ; 0.000          ; High Pulse Width ; clk   ; Rise       ; inst|LPM_COUNTER_component|auto_generated|counter_reg_bit[3]|clk                               ;
; 0.900  ; 0.900        ; 0.000          ; High Pulse Width ; clk   ; Rise       ; inst|LPM_COUNTER_component|auto_generated|counter_reg_bit[4]|clk                               ;
; 0.900  ; 0.900        ; 0.000          ; High Pulse Width ; clk   ; Rise       ; inst|LPM_COUNTER_component|auto_generated|counter_reg_bit[5]|clk                               ;
; 0.900  ; 0.900        ; 0.000          ; High Pulse Width ; clk   ; Rise       ; inst|LPM_COUNTER_component|auto_generated|counter_reg_bit[6]|clk                               ;
; 0.900  ; 0.900        ; 0.000          ; High Pulse Width ; clk   ; Rise       ; inst|LPM_COUNTER_component|auto_generated|counter_reg_bit[7]|clk                               ;
+--------+--------------+----------------+------------------+-------+------------+------------------------------------------------------------------------------------------------+


+------------------------------------------------------------------------+
; Clock to Output Times                                                  ;
+------------+------------+-------+-------+------------+-----------------+
; Data Port  ; Clock Port ; Rise  ; Fall  ; Clock Edge ; Clock Reference ;
+------------+------------+-------+-------+------------+-----------------+
; HEX0_D[*]  ; clk        ; 4.295 ; 4.332 ; Rise       ; clk             ;
;  HEX0_D[0] ; clk        ; 4.139 ; 4.163 ; Rise       ; clk             ;
;  HEX0_D[1] ; clk        ; 4.140 ; 4.161 ; Rise       ; clk             ;
;  HEX0_D[2] ; clk        ; 4.177 ; 4.154 ; Rise       ; clk             ;
;  HEX0_D[3] ; clk        ; 4.295 ; 4.332 ; Rise       ; clk             ;
;  HEX0_D[4] ; clk        ; 4.152 ; 4.205 ; Rise       ; clk             ;
;  HEX0_D[5] ; clk        ; 4.188 ; 4.213 ; Rise       ; clk             ;
;  HEX0_D[6] ; clk        ; 4.156 ; 4.176 ; Rise       ; clk             ;
; HEX1_D[*]  ; clk        ; 4.435 ; 4.485 ; Rise       ; clk             ;
;  HEX1_D[0] ; clk        ; 4.226 ; 4.222 ; Rise       ; clk             ;
;  HEX1_D[1] ; clk        ; 4.198 ; 4.221 ; Rise       ; clk             ;
;  HEX1_D[2] ; clk        ; 4.123 ; 4.348 ; Rise       ; clk             ;
;  HEX1_D[3] ; clk        ; 4.219 ; 4.193 ; Rise       ; clk             ;
;  HEX1_D[4] ; clk        ; 4.233 ; 4.045 ; Rise       ; clk             ;
;  HEX1_D[5] ; clk        ; 4.435 ; 4.485 ; Rise       ; clk             ;
;  HEX1_D[6] ; clk        ; 4.404 ; 4.354 ; Rise       ; clk             ;
+------------+------------+-------+-------+------------+-----------------+


+------------------------------------------------------------------------+
; Minimum Clock to Output Times                                          ;
+------------+------------+-------+-------+------------+-----------------+
; Data Port  ; Clock Port ; Rise  ; Fall  ; Clock Edge ; Clock Reference ;
+------------+------------+-------+-------+------------+-----------------+
; HEX0_D[*]  ; clk        ; 3.671 ; 3.694 ; Rise       ; clk             ;
;  HEX0_D[0] ; clk        ; 3.679 ; 3.705 ; Rise       ; clk             ;
;  HEX0_D[1] ; clk        ; 3.671 ; 3.694 ; Rise       ; clk             ;
;  HEX0_D[2] ; clk        ; 3.704 ; 3.727 ; Rise       ; clk             ;
;  HEX0_D[3] ; clk        ; 3.874 ; 3.858 ; Rise       ; clk             ;
;  HEX0_D[4] ; clk        ; 3.805 ; 3.739 ; Rise       ; clk             ;
;  HEX0_D[5] ; clk        ; 3.725 ; 3.752 ; Rise       ; clk             ;
;  HEX0_D[6] ; clk        ; 3.808 ; 3.714 ; Rise       ; clk             ;
; HEX1_D[*]  ; clk        ; 3.612 ; 3.632 ; Rise       ; clk             ;
;  HEX1_D[0] ; clk        ; 3.639 ; 3.640 ; Rise       ; clk             ;
;  HEX1_D[1] ; clk        ; 3.619 ; 3.640 ; Rise       ; clk             ;
;  HEX1_D[2] ; clk        ; 3.844 ; 3.760 ; Rise       ; clk             ;
;  HEX1_D[3] ; clk        ; 3.612 ; 3.632 ; Rise       ; clk             ;
;  HEX1_D[4] ; clk        ; 3.632 ; 3.756 ; Rise       ; clk             ;
;  HEX1_D[5] ; clk        ; 3.844 ; 3.927 ; Rise       ; clk             ;
;  HEX1_D[6] ; clk        ; 3.814 ; 3.881 ; Rise       ; clk             ;
+------------+------------+-------+-------+------------+-----------------+


---------------------------------------------
; Fast 1200mV 0C Model Metastability Report ;
---------------------------------------------
No synchronizer chains to report.


+------------------------------------------------------------------------------+
; Multicorner Timing Analysis Summary                                          ;
+------------------+--------+-------+----------+---------+---------------------+
; Clock            ; Setup  ; Hold  ; Recovery ; Removal ; Minimum Pulse Width ;
+------------------+--------+-------+----------+---------+---------------------+
; Worst-case Slack ; -0.778 ; 0.319 ; N/A      ; N/A     ; -3.000              ;
;  clk             ; -0.778 ; 0.319 ; N/A      ; N/A     ; -3.000              ;
; Design-wide TNS  ; -4.415 ; 0.0   ; 0.0      ; 0.0     ; -11.64              ;
;  clk             ; -4.415 ; 0.000 ; N/A      ; N/A     ; -11.640             ;
+------------------+--------+-------+----------+---------+---------------------+


+------------------------------------------------------------------------+
; Clock to Output Times                                                  ;
+------------+------------+-------+-------+------------+-----------------+
; Data Port  ; Clock Port ; Rise  ; Fall  ; Clock Edge ; Clock Reference ;
+------------+------------+-------+-------+------------+-----------------+
; HEX0_D[*]  ; clk        ; 7.278 ; 7.201 ; Rise       ; clk             ;
;  HEX0_D[0] ; clk        ; 7.029 ; 6.942 ; Rise       ; clk             ;
;  HEX0_D[1] ; clk        ; 7.016 ; 6.949 ; Rise       ; clk             ;
;  HEX0_D[2] ; clk        ; 7.055 ; 6.979 ; Rise       ; clk             ;
;  HEX0_D[3] ; clk        ; 7.278 ; 7.201 ; Rise       ; clk             ;
;  HEX0_D[4] ; clk        ; 7.071 ; 6.993 ; Rise       ; clk             ;
;  HEX0_D[5] ; clk        ; 7.094 ; 7.024 ; Rise       ; clk             ;
;  HEX0_D[6] ; clk        ; 6.993 ; 7.065 ; Rise       ; clk             ;
; HEX1_D[*]  ; clk        ; 7.516 ; 7.474 ; Rise       ; clk             ;
;  HEX1_D[0] ; clk        ; 7.116 ; 7.035 ; Rise       ; clk             ;
;  HEX1_D[1] ; clk        ; 7.069 ; 7.033 ; Rise       ; clk             ;
;  HEX1_D[2] ; clk        ; 7.194 ; 7.254 ; Rise       ; clk             ;
;  HEX1_D[3] ; clk        ; 7.103 ; 6.978 ; Rise       ; clk             ;
;  HEX1_D[4] ; clk        ; 7.130 ; 6.950 ; Rise       ; clk             ;
;  HEX1_D[5] ; clk        ; 7.516 ; 7.474 ; Rise       ; clk             ;
;  HEX1_D[6] ; clk        ; 7.330 ; 7.346 ; Rise       ; clk             ;
+------------+------------+-------+-------+------------+-----------------+


+------------------------------------------------------------------------+
; Minimum Clock to Output Times                                          ;
+------------+------------+-------+-------+------------+-----------------+
; Data Port  ; Clock Port ; Rise  ; Fall  ; Clock Edge ; Clock Reference ;
+------------+------------+-------+-------+------------+-----------------+
; HEX0_D[*]  ; clk        ; 3.671 ; 3.694 ; Rise       ; clk             ;
;  HEX0_D[0] ; clk        ; 3.679 ; 3.705 ; Rise       ; clk             ;
;  HEX0_D[1] ; clk        ; 3.671 ; 3.694 ; Rise       ; clk             ;
;  HEX0_D[2] ; clk        ; 3.704 ; 3.727 ; Rise       ; clk             ;
;  HEX0_D[3] ; clk        ; 3.874 ; 3.858 ; Rise       ; clk             ;
;  HEX0_D[4] ; clk        ; 3.805 ; 3.739 ; Rise       ; clk             ;
;  HEX0_D[5] ; clk        ; 3.725 ; 3.752 ; Rise       ; clk             ;
;  HEX0_D[6] ; clk        ; 3.808 ; 3.714 ; Rise       ; clk             ;
; HEX1_D[*]  ; clk        ; 3.612 ; 3.632 ; Rise       ; clk             ;
;  HEX1_D[0] ; clk        ; 3.639 ; 3.640 ; Rise       ; clk             ;
;  HEX1_D[1] ; clk        ; 3.619 ; 3.640 ; Rise       ; clk             ;
;  HEX1_D[2] ; clk        ; 3.844 ; 3.760 ; Rise       ; clk             ;
;  HEX1_D[3] ; clk        ; 3.612 ; 3.632 ; Rise       ; clk             ;
;  HEX1_D[4] ; clk        ; 3.632 ; 3.756 ; Rise       ; clk             ;
;  HEX1_D[5] ; clk        ; 3.844 ; 3.927 ; Rise       ; clk             ;
;  HEX1_D[6] ; clk        ; 3.814 ; 3.881 ; Rise       ; clk             ;
+------------+------------+-------+-------+------------+-----------------+


+------------------------------------------------------------------------------------------------------------------------------------------------------------------------------------------------------------------------------------------------------------------------------------------------------------------------------------------------------------------------------------------------------------------+
; Board Trace Model Assignments                                                                                                                                                                                                                                                                                                                                                                                    ;
+---------------+--------------+-------------------+-------------------------+-------------------------+---------------+---------------------+----------------+------------------+--------+------------------+------------------------+------------------------+--------------+---------------+-----------------+-------+---------------------+--------------------+---------------+-----------------+-------------+
; Pin           ; I/O Standard ; Near Tline Length ; Near Tline L per Length ; Near Tline C per Length ; Near Series R ; Near Differential R ; Near Pull-up R ; Near Pull-down R ; Near C ; Far Tline Length ; Far Tline L per Length ; Far Tline C per Length ; Far Series R ; Far Pull-up R ; Far Pull-down R ; Far C ; Termination Voltage ; Far Differential R ; EBD File Name ; EBD Signal Name ; EBD Far-end ;
+---------------+--------------+-------------------+-------------------------+-------------------------+---------------+---------------------+----------------+------------------+--------+------------------+------------------------+------------------------+--------------+---------------+-----------------+-------+---------------------+--------------------+---------------+-----------------+-------------+
; HEX0_D[6]     ; 2.5 V        ; 0 in              ; 0 H/in                  ; 0 F/in                  ; short         ; -                   ; open           ; open             ; open   ; 0 in             ; 0 H/in                 ; 0 F/in                 ; short        ; open          ; open            ; open  ; 0 V                 ; -                  ; n/a           ; n/a             ; n/a         ;
; HEX0_D[5]     ; 2.5 V        ; 0 in              ; 0 H/in                  ; 0 F/in                  ; short         ; -                   ; open           ; open             ; open   ; 0 in             ; 0 H/in                 ; 0 F/in                 ; short        ; open          ; open            ; open  ; 0 V                 ; -                  ; n/a           ; n/a             ; n/a         ;
; HEX0_D[4]     ; 2.5 V        ; 0 in              ; 0 H/in                  ; 0 F/in                  ; short         ; -                   ; open           ; open             ; open   ; 0 in             ; 0 H/in                 ; 0 F/in                 ; short        ; open          ; open            ; open  ; 0 V                 ; -                  ; n/a           ; n/a             ; n/a         ;
; HEX0_D[3]     ; 2.5 V        ; 0 in              ; 0 H/in                  ; 0 F/in                  ; short         ; -                   ; open           ; open             ; open   ; 0 in             ; 0 H/in                 ; 0 F/in                 ; short        ; open          ; open            ; open  ; 0 V                 ; -                  ; n/a           ; n/a             ; n/a         ;
; HEX0_D[2]     ; 2.5 V        ; 0 in              ; 0 H/in                  ; 0 F/in                  ; short         ; -                   ; open           ; open             ; open   ; 0 in             ; 0 H/in                 ; 0 F/in                 ; short        ; open          ; open            ; open  ; 0 V                 ; -                  ; n/a           ; n/a             ; n/a         ;
; HEX0_D[1]     ; 2.5 V        ; 0 in              ; 0 H/in                  ; 0 F/in                  ; short         ; -                   ; open           ; open             ; open   ; 0 in             ; 0 H/in                 ; 0 F/in                 ; short        ; open          ; open            ; open  ; 0 V                 ; -                  ; n/a           ; n/a             ; n/a         ;
; HEX0_D[0]     ; 2.5 V        ; 0 in              ; 0 H/in                  ; 0 F/in                  ; short         ; -                   ; open           ; open             ; open   ; 0 in             ; 0 H/in                 ; 0 F/in                 ; short        ; open          ; open            ; open  ; 0 V                 ; -                  ; n/a           ; n/a             ; n/a         ;
; HEX1_D[6]     ; 2.5 V        ; 0 in              ; 0 H/in                  ; 0 F/in                  ; short         ; -                   ; open           ; open             ; open   ; 0 in             ; 0 H/in                 ; 0 F/in                 ; short        ; open          ; open            ; open  ; 0 V                 ; -                  ; n/a           ; n/a             ; n/a         ;
; HEX1_D[5]     ; 2.5 V        ; 0 in              ; 0 H/in                  ; 0 F/in                  ; short         ; -                   ; open           ; open             ; open   ; 0 in             ; 0 H/in                 ; 0 F/in                 ; short        ; open          ; open            ; open  ; 0 V                 ; -                  ; n/a           ; n/a             ; n/a         ;
; HEX1_D[4]     ; 2.5 V        ; 0 in              ; 0 H/in                  ; 0 F/in                  ; short         ; -                   ; open           ; open             ; open   ; 0 in             ; 0 H/in                 ; 0 F/in                 ; short        ; open          ; open            ; open  ; 0 V                 ; -                  ; n/a           ; n/a             ; n/a         ;
; HEX1_D[3]     ; 2.5 V        ; 0 in              ; 0 H/in                  ; 0 F/in                  ; short         ; -                   ; open           ; open             ; open   ; 0 in             ; 0 H/in                 ; 0 F/in                 ; short        ; open          ; open            ; open  ; 0 V                 ; -                  ; n/a           ; n/a             ; n/a         ;
; HEX1_D[2]     ; 2.5 V        ; 0 in              ; 0 H/in                  ; 0 F/in                  ; short         ; -                   ; open           ; open             ; open   ; 0 in             ; 0 H/in                 ; 0 F/in                 ; short        ; open          ; open            ; open  ; 0 V                 ; -                  ; n/a           ; n/a             ; n/a         ;
; HEX1_D[1]     ; 2.5 V        ; 0 in              ; 0 H/in                  ; 0 F/in                  ; short         ; -                   ; open           ; open             ; open   ; 0 in             ; 0 H/in                 ; 0 F/in                 ; short        ; open          ; open            ; open  ; 0 V                 ; -                  ; n/a           ; n/a             ; n/a         ;
; HEX1_D[0]     ; 2.5 V        ; 0 in              ; 0 H/in                  ; 0 F/in                  ; short         ; -                   ; open           ; open             ; open   ; 0 in             ; 0 H/in                 ; 0 F/in                 ; short        ; open          ; open            ; open  ; 0 V                 ; -                  ; n/a           ; n/a             ; n/a         ;
; ~ALTERA_DCLK~ ; 2.5 V        ; 0 in              ; 0 H/in                  ; 0 F/in                  ; short         ; -                   ; open           ; open             ; open   ; 0 in             ; 0 H/in                 ; 0 F/in                 ; short        ; open          ; open            ; open  ; 0 V                 ; -                  ; n/a           ; n/a             ; n/a         ;
; ~ALTERA_nCEO~ ; 2.5 V        ; 0 in              ; 0 H/in                  ; 0 F/in                  ; short         ; -                   ; open           ; open             ; open   ; 0 in             ; 0 H/in                 ; 0 F/in                 ; short        ; open          ; open            ; open  ; 0 V                 ; -                  ; n/a           ; n/a             ; n/a         ;
+---------------+--------------+-------------------+-------------------------+-------------------------+---------------+---------------------+----------------+------------------+--------+------------------+------------------------+------------------------+--------------+---------------+-----------------+-------+---------------------+--------------------+---------------+-----------------+-------------+


+----------------------------------------------------------------------------+
; Input Transition Times                                                     ;
+-------------------------+--------------+-----------------+-----------------+
; Pin                     ; I/O Standard ; 10-90 Rise Time ; 90-10 Fall Time ;
+-------------------------+--------------+-----------------+-----------------+
; clk                     ; 2.5 V        ; 2000 ps         ; 2000 ps         ;
; reset                   ; 2.5 V        ; 2000 ps         ; 2000 ps         ;
; ~ALTERA_ASDO_DATA1~     ; 2.5 V        ; 2000 ps         ; 2000 ps         ;
; ~ALTERA_FLASH_nCE_nCSO~ ; 2.5 V        ; 2000 ps         ; 2000 ps         ;
; ~ALTERA_DATA0~          ; 2.5 V        ; 2000 ps         ; 2000 ps         ;
+-------------------------+--------------+-----------------+-----------------+


+--------------------------------------------------------------------------------------------------------------------------------------------------------------------------------------------------------------------------------------------------------------------------------------------------------------------------------------------------------------------------------------------------------------------------------------------------------------------------------------------------------------------------------------------------------------------------------------------------------------------------------------------------------------------------------------------+
; Slow Corner Signal Integrity Metrics                                                                                                                                                                                                                                                                                                                                                                                                                                                                                                                                                                                                                                                       ;
+---------------+--------------+---------------------+---------------------+------------------------------+------------------------------+---------------------+---------------------+--------------------------------------+--------------------------------------+-----------------------------+-----------------------------+----------------------------+----------------------------+-----------------------------+-----------------------------+--------------------+--------------------+-------------------------------------+-------------------------------------+----------------------------+----------------------------+---------------------------+---------------------------+
; Pin           ; I/O Standard ; Board Delay on Rise ; Board Delay on Fall ; Steady State Voh at FPGA Pin ; Steady State Vol at FPGA Pin ; Voh Max at FPGA Pin ; Vol Min at FPGA Pin ; Ringback Voltage on Rise at FPGA Pin ; Ringback Voltage on Fall at FPGA Pin ; 10-90 Rise Time at FPGA Pin ; 90-10 Fall Time at FPGA Pin ; Monotonic Rise at FPGA Pin ; Monotonic Fall at FPGA Pin ; Steady State Voh at Far-end ; Steady State Vol at Far-end ; Voh Max at Far-end ; Vol Min at Far-end ; Ringback Voltage on Rise at Far-end ; Ringback Voltage on Fall at Far-end ; 10-90 Rise Time at Far-end ; 90-10 Fall Time at Far-end ; Monotonic Rise at Far-end ; Monotonic Fall at Far-end ;
+---------------+--------------+---------------------+---------------------+------------------------------+------------------------------+---------------------+---------------------+--------------------------------------+--------------------------------------+-----------------------------+-----------------------------+----------------------------+----------------------------+-----------------------------+-----------------------------+--------------------+--------------------+-------------------------------------+-------------------------------------+----------------------------+----------------------------+---------------------------+---------------------------+
; HEX0_D[6]     ; 2.5 V        ; 0 s                 ; 0 s                 ; 2.32 V                       ; 1.08e-06 V                   ; 2.36 V              ; -0.0113 V           ; 0.122 V                              ; 0.022 V                              ; 4.5e-10 s                   ; 4.45e-10 s                  ; Yes                        ; Yes                        ; 2.32 V                      ; 1.08e-06 V                  ; 2.36 V             ; -0.0113 V          ; 0.122 V                             ; 0.022 V                             ; 4.5e-10 s                  ; 4.45e-10 s                 ; Yes                       ; Yes                       ;
; HEX0_D[5]     ; 2.5 V        ; 0 s                 ; 0 s                 ; 2.32 V                       ; 1.08e-06 V                   ; 2.36 V              ; -0.0113 V           ; 0.122 V                              ; 0.022 V                              ; 4.5e-10 s                   ; 4.45e-10 s                  ; Yes                        ; Yes                        ; 2.32 V                      ; 1.08e-06 V                  ; 2.36 V             ; -0.0113 V          ; 0.122 V                             ; 0.022 V                             ; 4.5e-10 s                  ; 4.45e-10 s                 ; Yes                       ; Yes                       ;
; HEX0_D[4]     ; 2.5 V        ; 0 s                 ; 0 s                 ; 2.32 V                       ; 1.08e-06 V                   ; 2.36 V              ; -0.0113 V           ; 0.122 V                              ; 0.022 V                              ; 4.5e-10 s                   ; 4.45e-10 s                  ; Yes                        ; Yes                        ; 2.32 V                      ; 1.08e-06 V                  ; 2.36 V             ; -0.0113 V          ; 0.122 V                             ; 0.022 V                             ; 4.5e-10 s                  ; 4.45e-10 s                 ; Yes                       ; Yes                       ;
; HEX0_D[3]     ; 2.5 V        ; 0 s                 ; 0 s                 ; 2.32 V                       ; 1.08e-06 V                   ; 2.36 V              ; -0.0113 V           ; 0.122 V                              ; 0.022 V                              ; 4.5e-10 s                   ; 4.45e-10 s                  ; Yes                        ; Yes                        ; 2.32 V                      ; 1.08e-06 V                  ; 2.36 V             ; -0.0113 V          ; 0.122 V                             ; 0.022 V                             ; 4.5e-10 s                  ; 4.45e-10 s                 ; Yes                       ; Yes                       ;
; HEX0_D[2]     ; 2.5 V        ; 0 s                 ; 0 s                 ; 2.32 V                       ; 1.08e-06 V                   ; 2.36 V              ; -0.0113 V           ; 0.122 V                              ; 0.022 V                              ; 4.5e-10 s                   ; 4.45e-10 s                  ; Yes                        ; Yes                        ; 2.32 V                      ; 1.08e-06 V                  ; 2.36 V             ; -0.0113 V          ; 0.122 V                             ; 0.022 V                             ; 4.5e-10 s                  ; 4.45e-10 s                 ; Yes                       ; Yes                       ;
; HEX0_D[1]     ; 2.5 V        ; 0 s                 ; 0 s                 ; 2.32 V                       ; 1.08e-06 V                   ; 2.36 V              ; -0.0113 V           ; 0.122 V                              ; 0.022 V                              ; 4.5e-10 s                   ; 4.45e-10 s                  ; Yes                        ; Yes                        ; 2.32 V                      ; 1.08e-06 V                  ; 2.36 V             ; -0.0113 V          ; 0.122 V                             ; 0.022 V                             ; 4.5e-10 s                  ; 4.45e-10 s                 ; Yes                       ; Yes                       ;
; HEX0_D[0]     ; 2.5 V        ; 0 s                 ; 0 s                 ; 2.32 V                       ; 1.08e-06 V                   ; 2.36 V              ; -0.0113 V           ; 0.122 V                              ; 0.022 V                              ; 4.5e-10 s                   ; 4.45e-10 s                  ; Yes                        ; Yes                        ; 2.32 V                      ; 1.08e-06 V                  ; 2.36 V             ; -0.0113 V          ; 0.122 V                             ; 0.022 V                             ; 4.5e-10 s                  ; 4.45e-10 s                 ; Yes                       ; Yes                       ;
; HEX1_D[6]     ; 2.5 V        ; 0 s                 ; 0 s                 ; 2.32 V                       ; 1.08e-06 V                   ; 2.36 V              ; -0.0113 V           ; 0.122 V                              ; 0.022 V                              ; 4.5e-10 s                   ; 4.45e-10 s                  ; Yes                        ; Yes                        ; 2.32 V                      ; 1.08e-06 V                  ; 2.36 V             ; -0.0113 V          ; 0.122 V                             ; 0.022 V                             ; 4.5e-10 s                  ; 4.45e-10 s                 ; Yes                       ; Yes                       ;
; HEX1_D[5]     ; 2.5 V        ; 0 s                 ; 0 s                 ; 2.32 V                       ; 1.08e-06 V                   ; 2.36 V              ; -0.0113 V           ; 0.122 V                              ; 0.022 V                              ; 4.5e-10 s                   ; 4.45e-10 s                  ; Yes                        ; Yes                        ; 2.32 V                      ; 1.08e-06 V                  ; 2.36 V             ; -0.0113 V          ; 0.122 V                             ; 0.022 V                             ; 4.5e-10 s                  ; 4.45e-10 s                 ; Yes                       ; Yes                       ;
; HEX1_D[4]     ; 2.5 V        ; 0 s                 ; 0 s                 ; 2.32 V                       ; 1.08e-06 V                   ; 2.36 V              ; -0.0113 V           ; 0.122 V                              ; 0.022 V                              ; 4.5e-10 s                   ; 4.45e-10 s                  ; Yes                        ; Yes                        ; 2.32 V                      ; 1.08e-06 V                  ; 2.36 V             ; -0.0113 V          ; 0.122 V                             ; 0.022 V                             ; 4.5e-10 s                  ; 4.45e-10 s                 ; Yes                       ; Yes                       ;
; HEX1_D[3]     ; 2.5 V        ; 0 s                 ; 0 s                 ; 2.32 V                       ; 1.08e-06 V                   ; 2.36 V              ; -0.0113 V           ; 0.122 V                              ; 0.022 V                              ; 4.5e-10 s                   ; 4.45e-10 s                  ; Yes                        ; Yes                        ; 2.32 V                      ; 1.08e-06 V                  ; 2.36 V             ; -0.0113 V          ; 0.122 V                             ; 0.022 V                             ; 4.5e-10 s                  ; 4.45e-10 s                 ; Yes                       ; Yes                       ;
; HEX1_D[2]     ; 2.5 V        ; 0 s                 ; 0 s                 ; 2.32 V                       ; 1.08e-06 V                   ; 2.36 V              ; -0.0113 V           ; 0.122 V                              ; 0.022 V                              ; 4.5e-10 s                   ; 4.45e-10 s                  ; Yes                        ; Yes                        ; 2.32 V                      ; 1.08e-06 V                  ; 2.36 V             ; -0.0113 V          ; 0.122 V                             ; 0.022 V                             ; 4.5e-10 s                  ; 4.45e-10 s                 ; Yes                       ; Yes                       ;
; HEX1_D[1]     ; 2.5 V        ; 0 s                 ; 0 s                 ; 2.32 V                       ; 1.08e-06 V                   ; 2.36 V              ; -0.0113 V           ; 0.122 V                              ; 0.022 V                              ; 4.5e-10 s                   ; 4.45e-10 s                  ; Yes                        ; Yes                        ; 2.32 V                      ; 1.08e-06 V                  ; 2.36 V             ; -0.0113 V          ; 0.122 V                             ; 0.022 V                             ; 4.5e-10 s                  ; 4.45e-10 s                 ; Yes                       ; Yes                       ;
; HEX1_D[0]     ; 2.5 V        ; 0 s                 ; 0 s                 ; 2.32 V                       ; 1.08e-06 V                   ; 2.36 V              ; -0.0113 V           ; 0.122 V                              ; 0.022 V                              ; 4.5e-10 s                   ; 4.45e-10 s                  ; Yes                        ; Yes                        ; 2.32 V                      ; 1.08e-06 V                  ; 2.36 V             ; -0.0113 V          ; 0.122 V                             ; 0.022 V                             ; 4.5e-10 s                  ; 4.45e-10 s                 ; Yes                       ; Yes                       ;
; ~ALTERA_DCLK~ ; 2.5 V        ; 0 s                 ; 0 s                 ; 2.32 V                       ; 5.68e-07 V                   ; 2.35 V              ; -0.0132 V           ; 0.2 V                                ; 0.027 V                              ; 5.26e-10 s                  ; 4.81e-10 s                  ; Yes                        ; Yes                        ; 2.32 V                      ; 5.68e-07 V                  ; 2.35 V             ; -0.0132 V          ; 0.2 V                               ; 0.027 V                             ; 5.26e-10 s                 ; 4.81e-10 s                 ; Yes                       ; Yes                       ;
; ~ALTERA_nCEO~ ; 2.5 V        ; 0 s                 ; 0 s                 ; 2.32 V                       ; 9.36e-07 V                   ; 2.35 V              ; -0.00444 V          ; 0.18 V                               ; 0.019 V                              ; 7.23e-10 s                  ; 9.82e-10 s                  ; Yes                        ; Yes                        ; 2.32 V                      ; 9.36e-07 V                  ; 2.35 V             ; -0.00444 V         ; 0.18 V                              ; 0.019 V                             ; 7.23e-10 s                 ; 9.82e-10 s                 ; Yes                       ; Yes                       ;
+---------------+--------------+---------------------+---------------------+------------------------------+------------------------------+---------------------+---------------------+--------------------------------------+--------------------------------------+-----------------------------+-----------------------------+----------------------------+----------------------------+-----------------------------+-----------------------------+--------------------+--------------------+-------------------------------------+-------------------------------------+----------------------------+----------------------------+---------------------------+---------------------------+


+--------------------------------------------------------------------------------------------------------------------------------------------------------------------------------------------------------------------------------------------------------------------------------------------------------------------------------------------------------------------------------------------------------------------------------------------------------------------------------------------------------------------------------------------------------------------------------------------------------------------------------------------------------------------------------------------+
; Fast Corner Signal Integrity Metrics                                                                                                                                                                                                                                                                                                                                                                                                                                                                                                                                                                                                                                                       ;
+---------------+--------------+---------------------+---------------------+------------------------------+------------------------------+---------------------+---------------------+--------------------------------------+--------------------------------------+-----------------------------+-----------------------------+----------------------------+----------------------------+-----------------------------+-----------------------------+--------------------+--------------------+-------------------------------------+-------------------------------------+----------------------------+----------------------------+---------------------------+---------------------------+
; Pin           ; I/O Standard ; Board Delay on Rise ; Board Delay on Fall ; Steady State Voh at FPGA Pin ; Steady State Vol at FPGA Pin ; Voh Max at FPGA Pin ; Vol Min at FPGA Pin ; Ringback Voltage on Rise at FPGA Pin ; Ringback Voltage on Fall at FPGA Pin ; 10-90 Rise Time at FPGA Pin ; 90-10 Fall Time at FPGA Pin ; Monotonic Rise at FPGA Pin ; Monotonic Fall at FPGA Pin ; Steady State Voh at Far-end ; Steady State Vol at Far-end ; Voh Max at Far-end ; Vol Min at Far-end ; Ringback Voltage on Rise at Far-end ; Ringback Voltage on Fall at Far-end ; 10-90 Rise Time at Far-end ; 90-10 Fall Time at Far-end ; Monotonic Rise at Far-end ; Monotonic Fall at Far-end ;
+---------------+--------------+---------------------+---------------------+------------------------------+------------------------------+---------------------+---------------------+--------------------------------------+--------------------------------------+-----------------------------+-----------------------------+----------------------------+----------------------------+-----------------------------+-----------------------------+--------------------+--------------------+-------------------------------------+-------------------------------------+----------------------------+----------------------------+---------------------------+---------------------------+
; HEX0_D[6]     ; 2.5 V        ; 0 s                 ; 0 s                 ; 2.62 V                       ; 4.11e-08 V                   ; 2.73 V              ; -0.0566 V           ; 0.191 V                              ; 0.12 V                               ; 2.69e-10 s                  ; 2.76e-10 s                  ; Yes                        ; Yes                        ; 2.62 V                      ; 4.11e-08 V                  ; 2.73 V             ; -0.0566 V          ; 0.191 V                             ; 0.12 V                              ; 2.69e-10 s                 ; 2.76e-10 s                 ; Yes                       ; Yes                       ;
; HEX0_D[5]     ; 2.5 V        ; 0 s                 ; 0 s                 ; 2.62 V                       ; 4.11e-08 V                   ; 2.73 V              ; -0.0566 V           ; 0.191 V                              ; 0.12 V                               ; 2.69e-10 s                  ; 2.76e-10 s                  ; Yes                        ; Yes                        ; 2.62 V                      ; 4.11e-08 V                  ; 2.73 V             ; -0.0566 V          ; 0.191 V                             ; 0.12 V                              ; 2.69e-10 s                 ; 2.76e-10 s                 ; Yes                       ; Yes                       ;
; HEX0_D[4]     ; 2.5 V        ; 0 s                 ; 0 s                 ; 2.62 V                       ; 4.11e-08 V                   ; 2.73 V              ; -0.0566 V           ; 0.191 V                              ; 0.12 V                               ; 2.69e-10 s                  ; 2.76e-10 s                  ; Yes                        ; Yes                        ; 2.62 V                      ; 4.11e-08 V                  ; 2.73 V             ; -0.0566 V          ; 0.191 V                             ; 0.12 V                              ; 2.69e-10 s                 ; 2.76e-10 s                 ; Yes                       ; Yes                       ;
; HEX0_D[3]     ; 2.5 V        ; 0 s                 ; 0 s                 ; 2.62 V                       ; 4.11e-08 V                   ; 2.73 V              ; -0.0566 V           ; 0.191 V                              ; 0.12 V                               ; 2.69e-10 s                  ; 2.76e-10 s                  ; Yes                        ; Yes                        ; 2.62 V                      ; 4.11e-08 V                  ; 2.73 V             ; -0.0566 V          ; 0.191 V                             ; 0.12 V                              ; 2.69e-10 s                 ; 2.76e-10 s                 ; Yes                       ; Yes                       ;
; HEX0_D[2]     ; 2.5 V        ; 0 s                 ; 0 s                 ; 2.62 V                       ; 4.11e-08 V                   ; 2.73 V              ; -0.0566 V           ; 0.191 V                              ; 0.12 V                               ; 2.69e-10 s                  ; 2.76e-10 s                  ; Yes                        ; Yes                        ; 2.62 V                      ; 4.11e-08 V                  ; 2.73 V             ; -0.0566 V          ; 0.191 V                             ; 0.12 V                              ; 2.69e-10 s                 ; 2.76e-10 s                 ; Yes                       ; Yes                       ;
; HEX0_D[1]     ; 2.5 V        ; 0 s                 ; 0 s                 ; 2.62 V                       ; 4.11e-08 V                   ; 2.73 V              ; -0.0566 V           ; 0.191 V                              ; 0.12 V                               ; 2.69e-10 s                  ; 2.76e-10 s                  ; Yes                        ; Yes                        ; 2.62 V                      ; 4.11e-08 V                  ; 2.73 V             ; -0.0566 V          ; 0.191 V                             ; 0.12 V                              ; 2.69e-10 s                 ; 2.76e-10 s                 ; Yes                       ; Yes                       ;
; HEX0_D[0]     ; 2.5 V        ; 0 s                 ; 0 s                 ; 2.62 V                       ; 4.11e-08 V                   ; 2.73 V              ; -0.0566 V           ; 0.191 V                              ; 0.12 V                               ; 2.69e-10 s                  ; 2.76e-10 s                  ; Yes                        ; Yes                        ; 2.62 V                      ; 4.11e-08 V                  ; 2.73 V             ; -0.0566 V          ; 0.191 V                             ; 0.12 V                              ; 2.69e-10 s                 ; 2.76e-10 s                 ; Yes                       ; Yes                       ;
; HEX1_D[6]     ; 2.5 V        ; 0 s                 ; 0 s                 ; 2.62 V                       ; 4.11e-08 V                   ; 2.73 V              ; -0.0566 V           ; 0.191 V                              ; 0.12 V                               ; 2.69e-10 s                  ; 2.76e-10 s                  ; Yes                        ; Yes                        ; 2.62 V                      ; 4.11e-08 V                  ; 2.73 V             ; -0.0566 V          ; 0.191 V                             ; 0.12 V                              ; 2.69e-10 s                 ; 2.76e-10 s                 ; Yes                       ; Yes                       ;
; HEX1_D[5]     ; 2.5 V        ; 0 s                 ; 0 s                 ; 2.62 V                       ; 4.11e-08 V                   ; 2.73 V              ; -0.0566 V           ; 0.191 V                              ; 0.12 V                               ; 2.69e-10 s                  ; 2.76e-10 s                  ; Yes                        ; Yes                        ; 2.62 V                      ; 4.11e-08 V                  ; 2.73 V             ; -0.0566 V          ; 0.191 V                             ; 0.12 V                              ; 2.69e-10 s                 ; 2.76e-10 s                 ; Yes                       ; Yes                       ;
; HEX1_D[4]     ; 2.5 V        ; 0 s                 ; 0 s                 ; 2.62 V                       ; 4.11e-08 V                   ; 2.73 V              ; -0.0566 V           ; 0.191 V                              ; 0.12 V                               ; 2.69e-10 s                  ; 2.76e-10 s                  ; Yes                        ; Yes                        ; 2.62 V                      ; 4.11e-08 V                  ; 2.73 V             ; -0.0566 V          ; 0.191 V                             ; 0.12 V                              ; 2.69e-10 s                 ; 2.76e-10 s                 ; Yes                       ; Yes                       ;
; HEX1_D[3]     ; 2.5 V        ; 0 s                 ; 0 s                 ; 2.62 V                       ; 4.11e-08 V                   ; 2.73 V              ; -0.0566 V           ; 0.191 V                              ; 0.12 V                               ; 2.69e-10 s                  ; 2.76e-10 s                  ; Yes                        ; Yes                        ; 2.62 V                      ; 4.11e-08 V                  ; 2.73 V             ; -0.0566 V          ; 0.191 V                             ; 0.12 V                              ; 2.69e-10 s                 ; 2.76e-10 s                 ; Yes                       ; Yes                       ;
; HEX1_D[2]     ; 2.5 V        ; 0 s                 ; 0 s                 ; 2.62 V                       ; 4.11e-08 V                   ; 2.73 V              ; -0.0566 V           ; 0.191 V                              ; 0.12 V                               ; 2.69e-10 s                  ; 2.76e-10 s                  ; Yes                        ; Yes                        ; 2.62 V                      ; 4.11e-08 V                  ; 2.73 V             ; -0.0566 V          ; 0.191 V                             ; 0.12 V                              ; 2.69e-10 s                 ; 2.76e-10 s                 ; Yes                       ; Yes                       ;
; HEX1_D[1]     ; 2.5 V        ; 0 s                 ; 0 s                 ; 2.62 V                       ; 4.11e-08 V                   ; 2.73 V              ; -0.0566 V           ; 0.191 V                              ; 0.12 V                               ; 2.69e-10 s                  ; 2.76e-10 s                  ; Yes                        ; Yes                        ; 2.62 V                      ; 4.11e-08 V                  ; 2.73 V             ; -0.0566 V          ; 0.191 V                             ; 0.12 V                              ; 2.69e-10 s                 ; 2.76e-10 s                 ; Yes                       ; Yes                       ;
; HEX1_D[0]     ; 2.5 V        ; 0 s                 ; 0 s                 ; 2.62 V                       ; 4.11e-08 V                   ; 2.73 V              ; -0.0566 V           ; 0.191 V                              ; 0.12 V                               ; 2.69e-10 s                  ; 2.76e-10 s                  ; Yes                        ; Yes                        ; 2.62 V                      ; 4.11e-08 V                  ; 2.73 V             ; -0.0566 V          ; 0.191 V                             ; 0.12 V                              ; 2.69e-10 s                 ; 2.76e-10 s                 ; Yes                       ; Yes                       ;
; ~ALTERA_DCLK~ ; 2.5 V        ; 0 s                 ; 0 s                 ; 2.62 V                       ; 2.22e-08 V                   ; 2.72 V              ; -0.0747 V           ; 0.28 V                               ; 0.169 V                              ; 3.1e-10 s                   ; 3.01e-10 s                  ; No                         ; Yes                        ; 2.62 V                      ; 2.22e-08 V                  ; 2.72 V             ; -0.0747 V          ; 0.28 V                              ; 0.169 V                             ; 3.1e-10 s                  ; 3.01e-10 s                 ; No                        ; Yes                       ;
; ~ALTERA_nCEO~ ; 2.5 V        ; 0 s                 ; 0 s                 ; 2.62 V                       ; 3.53e-08 V                   ; 2.7 V               ; -0.0212 V           ; 0.204 V                              ; 0.049 V                              ; 4.85e-10 s                  ; 6.73e-10 s                  ; No                         ; Yes                        ; 2.62 V                      ; 3.53e-08 V                  ; 2.7 V              ; -0.0212 V          ; 0.204 V                             ; 0.049 V                             ; 4.85e-10 s                 ; 6.73e-10 s                 ; No                        ; Yes                       ;
+---------------+--------------+---------------------+---------------------+------------------------------+------------------------------+---------------------+---------------------+--------------------------------------+--------------------------------------+-----------------------------+-----------------------------+----------------------------+----------------------------+-----------------------------+-----------------------------+--------------------+--------------------+-------------------------------------+-------------------------------------+----------------------------+----------------------------+---------------------------+---------------------------+


+-------------------------------------------------------------------+
; Setup Transfers                                                   ;
+------------+----------+----------+----------+----------+----------+
; From Clock ; To Clock ; RR Paths ; FR Paths ; RF Paths ; FF Paths ;
+------------+----------+----------+----------+----------+----------+
; clk        ; clk      ; 36       ; 0        ; 0        ; 0        ;
+------------+----------+----------+----------+----------+----------+
Entries labeled "false path" only account for clock-to-clock false paths and not path-based false paths. As a result, actual path counts may be lower than reported.


+-------------------------------------------------------------------+
; Hold Transfers                                                    ;
+------------+----------+----------+----------+----------+----------+
; From Clock ; To Clock ; RR Paths ; FR Paths ; RF Paths ; FF Paths ;
+------------+----------+----------+----------+----------+----------+
; clk        ; clk      ; 36       ; 0        ; 0        ; 0        ;
+------------+----------+----------+----------+----------+----------+
Entries labeled "false path" only account for clock-to-clock false paths and not path-based false paths. As a result, actual path counts may be lower than reported.


---------------
; Report TCCS ;
---------------
No dedicated SERDES Transmitter circuitry present in device or used in design


---------------
; Report RSKM ;
---------------
No non-DPA dedicated SERDES Receiver circuitry present in device or used in design


+------------------------------------------------+
; Unconstrained Paths                            ;
+---------------------------------+-------+------+
; Property                        ; Setup ; Hold ;
+---------------------------------+-------+------+
; Illegal Clocks                  ; 0     ; 0    ;
; Unconstrained Clocks            ; 0     ; 0    ;
; Unconstrained Input Ports       ; 1     ; 1    ;
; Unconstrained Input Port Paths  ; 8     ; 8    ;
; Unconstrained Output Ports      ; 14    ; 14   ;
; Unconstrained Output Port Paths ; 56    ; 56   ;
+---------------------------------+-------+------+


+------------------------------------+
; TimeQuest Timing Analyzer Messages ;
+------------------------------------+
Info: *******************************************************************
Info: Running Quartus II 32-bit TimeQuest Timing Analyzer
    Info: Version 13.1.0 Build 162 10/23/2013 SJ Web Edition
    Info: Processing started: Fri Feb 28 18:34:29 2025
Info: Command: quartus_sta task1 -c task1
Info: qsta_default_script.tcl version: #1
Warning (20028): Parallel compilation is not licensed and has been disabled
Info (21077): Core supply voltage is 1.2V
Info (21077): Low junction temperature is 0 degrees C
Info (21077): High junction temperature is 85 degrees C
Critical Warning (332012): Synopsys Design Constraints File file not found: 'task1.sdc'. A Synopsys Design Constraints File is required by the TimeQuest Timing Analyzer to get proper timing constraints. Without it, the Compiler will not properly optimize the design.
Info (332142): No user constrained base clocks found in the design. Calling "derive_clocks -period 1.0"
Info (332105): Deriving Clocks
    Info (332105): create_clock -period 1.000 -name clk clk
Info (332143): No user constrained clock uncertainty found in the design. Calling "derive_clock_uncertainty"
Info (332154): The derive_clock_uncertainty command did not apply clock uncertainty to any clock-to-clock transfers.
Info: Found TIMEQUEST_REPORT_SCRIPT_INCLUDE_DEFAULT_ANALYSIS = ON
Info: Analyzing Slow 1200mV 85C Model
Critical Warning (332148): Timing requirements not met
    Info (11105): For recommendations on closing timing, run Report Timing Closure Recommendations in the TimeQuest Timing Analyzer.
Info (332146): Worst-case setup slack is -0.778
    Info (332119):     Slack       End Point TNS Clock 
    Info (332119): ========= =================== =====================
    Info (332119):    -0.778              -4.415 clk 
Info (332146): Worst-case hold slack is 0.593
    Info (332119):     Slack       End Point TNS Clock 
    Info (332119): ========= =================== =====================
    Info (332119):     0.593               0.000 clk 
Info (332140): No Recovery paths to report
Info (332140): No Removal paths to report
Info (332146): Worst-case minimum pulse width slack is -3.000
    Info (332119):     Slack       End Point TNS Clock 
    Info (332119): ========= =================== =====================
    Info (332119):    -3.000             -11.000 clk 
Info: Analyzing Slow 1200mV 0C Model
Info (334003): Started post-fitting delay annotation
Info (334004): Delay annotation completed successfully
Info (332154): The derive_clock_uncertainty command did not apply clock uncertainty to any clock-to-clock transfers.
Critical Warning (332148): Timing requirements not met
    Info (11105): For recommendations on closing timing, run Report Timing Closure Recommendations in the TimeQuest Timing Analyzer.
Info (332146): Worst-case setup slack is -0.570
    Info (332119):     Slack       End Point TNS Clock 
    Info (332119): ========= =================== =====================
    Info (332119):    -0.570              -3.090 clk 
Info (332146): Worst-case hold slack is 0.532
    Info (332119):     Slack       End Point TNS Clock 
    Info (332119): ========= =================== =====================
    Info (332119):     0.532               0.000 clk 
Info (332140): No Recovery paths to report
Info (332140): No Removal paths to report
Info (332146): Worst-case minimum pulse width slack is -3.000
    Info (332119):     Slack       End Point TNS Clock 
    Info (332119): ========= =================== =====================
    Info (332119):    -3.000             -11.000 clk 
Info: Analyzing Fast 1200mV 0C Model
Info (332154): The derive_clock_uncertainty command did not apply clock uncertainty to any clock-to-clock transfers.
Info (332146): Worst-case setup slack is 0.008
    Info (332119):     Slack       End Point TNS Clock 
    Info (332119): ========= =================== =====================
    Info (332119):     0.008               0.000 clk 
Info (332146): Worst-case hold slack is 0.319
    Info (332119):     Slack       End Point TNS Clock 
    Info (332119): ========= =================== =====================
    Info (332119):     0.319               0.000 clk 
Info (332140): No Recovery paths to report
Info (332140): No Removal paths to report
Critical Warning (332148): Timing requirements not met
    Info (11105): For recommendations on closing timing, run Report Timing Closure Recommendations in the TimeQuest Timing Analyzer.
Info (332146): Worst-case minimum pulse width slack is -3.000
    Info (332119):     Slack       End Point TNS Clock 
    Info (332119): ========= =================== =====================
    Info (332119):    -3.000             -11.640 clk 
Info (332102): Design is not fully constrained for setup requirements
Info (332102): Design is not fully constrained for hold requirements
Info: Quartus II 32-bit TimeQuest Timing Analyzer was successful. 0 errors, 5 warnings
    Info: Peak virtual memory: 370 megabytes
    Info: Processing ended: Fri Feb 28 18:34:32 2025
    Info: Elapsed time: 00:00:03
    Info: Total CPU time (on all processors): 00:00:02


